INFO buildroot.py:704:  Mock Version: 6.8
DEBUG file_util.py:17:  ensuring that dir exists: /var/lib/mock/centos+epel-7-x86_64/root
DEBUG file_util.py:20:  created dir: /var/lib/mock/centos+epel-7-x86_64/root
DEBUG file_util.py:17:  ensuring that dir exists: /var/lib/mock/centos+epel-7-x86_64-bootstrap
DEBUG file_util.py:17:  ensuring that dir exists: /var/lib/mock/centos+epel-7-x86_64-bootstrap
DEBUG file_util.py:17:  ensuring that dir exists: /var/lib/mock/centos+epel-7-x86_64-bootstrap/root
DEBUG file_util.py:17:  ensuring that dir exists: /var/lib/mock/centos+epel-7-x86_64-bootstrap/results
INFO buildroot.py:321:  calling preinit hooks
DEBUG file_util.py:17:  ensuring that dir exists: /var/cache/mock/centos+epel-7-x86_64-bootstrap/root_cache/
DEBUG file_util.py:17:  ensuring that dir exists: /var/cache/mock/centos+epel-7-x86_64-bootstrap/yum_cache
DEBUG file_util.py:17:  ensuring that dir exists: /var/cache/mock/centos+epel-7-x86_64-bootstrap/dnf_cache
DEBUG buildroot.py:760:  create skeleton dirs
DEBUG file_util.py:17:  ensuring that dir exists: /var/lib/mock/centos+epel-7-x86_64-bootstrap/root/var/lib/rpm
DEBUG file_util.py:17:  ensuring that dir exists: /var/lib/mock/centos+epel-7-x86_64-bootstrap/root/var/lib/yum
DEBUG file_util.py:17:  ensuring that dir exists: /var/lib/mock/centos+epel-7-x86_64-bootstrap/root/var/lib/dbus
DEBUG file_util.py:17:  ensuring that dir exists: /var/lib/mock/centos+epel-7-x86_64-bootstrap/root/var/log
DEBUG file_util.py:17:  ensuring that dir exists: /var/lib/mock/centos+epel-7-x86_64-bootstrap/root/var/cache/dnf
DEBUG file_util.py:17:  ensuring that dir exists: /var/lib/mock/centos+epel-7-x86_64-bootstrap/root/var/cache/yum
DEBUG file_util.py:17:  ensuring that dir exists: /var/lib/mock/centos+epel-7-x86_64-bootstrap/root/etc/rpm
DEBUG file_util.py:17:  ensuring that dir exists: /var/lib/mock/centos+epel-7-x86_64-bootstrap/root/tmp
DEBUG file_util.py:17:  ensuring that dir exists: /var/lib/mock/centos+epel-7-x86_64-bootstrap/root/tmp/ccache
DEBUG file_util.py:17:  ensuring that dir exists: /var/lib/mock/centos+epel-7-x86_64-bootstrap/root/var/tmp
DEBUG file_util.py:17:  ensuring that dir exists: /var/lib/mock/centos+epel-7-x86_64-bootstrap/root/etc/dnf
DEBUG file_util.py:17:  ensuring that dir exists: /var/lib/mock/centos+epel-7-x86_64-bootstrap/root/etc/dnf/vars
DEBUG file_util.py:17:  ensuring that dir exists: /var/lib/mock/centos+epel-7-x86_64-bootstrap/root/etc/yum.repos.d
DEBUG file_util.py:20:  created dir: /var/lib/mock/centos+epel-7-x86_64-bootstrap/root/etc/yum.repos.d
DEBUG file_util.py:17:  ensuring that dir exists: /var/lib/mock/centos+epel-7-x86_64-bootstrap/root/etc/yum
DEBUG file_util.py:17:  ensuring that dir exists: /var/lib/mock/centos+epel-7-x86_64-bootstrap/root/proc
DEBUG file_util.py:17:  ensuring that dir exists: /var/lib/mock/centos+epel-7-x86_64-bootstrap/root/sys
DEBUG file_util.py:17:  ensuring that dir exists: /var/lib/mock/centos+epel-7-x86_64-bootstrap/root/dev/pts
DEBUG file_util.py:17:  ensuring that dir exists: /var/lib/mock/centos+epel-7-x86_64-bootstrap/root/dev/shm
DEBUG file_util.py:17:  ensuring that dir exists: /var/lib/mock/centos+epel-7-x86_64-bootstrap/root/dev/mapper
DEBUG file_util.py:20:  created dir: /var/lib/mock/centos+epel-7-x86_64-bootstrap/root/dev/mapper
DEBUG buildroot.py:904:  kernel version == 4.18.0-553.169.1.el8_10.x86_64
DEBUG file_util.py:29:  touching file: /var/lib/mock/centos+epel-7-x86_64-bootstrap/root/etc/fstab
DEBUG file_util.py:29:  touching file: /var/lib/mock/centos+epel-7-x86_64-bootstrap/root/etc/yum/yum.conf
DEBUG file_util.py:29:  touching file: /var/lib/mock/centos+epel-7-x86_64-bootstrap/root/etc/dnf/dnf.conf
DEBUG file_util.py:29:  touching file: /var/lib/mock/centos+epel-7-x86_64-bootstrap/root/var/log/yum.log
DEBUG buildroot.py:335:  rootdir = /var/lib/mock/centos+epel-7-x86_64-bootstrap/root
DEBUG buildroot.py:336:  resultdir = /var/lib/mock/centos+epel-7-x86_64-bootstrap/results
DEBUG package_manager.py:64:  searching for 'yum' package manager or alternatives
INFO buildroot.py:184:  Package manager yum detected and used (fallback)
DEBUG file_util.py:17:  ensuring that dir exists: /var/lib/mock/centos+epel-7-x86_64-bootstrap/root/etc/pki/mock
DEBUG package_manager.py:406:  copying CA trust dir into chroot: /etc/pki/ca-trust => /etc/pki/ca-trust
DEBUG file_util.py:191:  Updating files in /var/lib/mock/centos+epel-7-x86_64-bootstrap/root/etc/pki/ca-trust with files from /etc/pki/ca-trust
DEBUG file_util.py:17:  ensuring that dir exists: /var/lib/mock/centos+epel-7-x86_64-bootstrap/root/etc/pki/ca-trust
DEBUG file_util.py:17:  ensuring that dir exists: /var/lib/mock/centos+epel-7-x86_64-bootstrap/root/etc/pki/ca-trust/./extracted
DEBUG file_util.py:17:  ensuring that dir exists: /var/lib/mock/centos+epel-7-x86_64-bootstrap/root/etc/pki/ca-trust/./source
DEBUG file_util.py:17:  ensuring that dir exists: /var/lib/mock/centos+epel-7-x86_64-bootstrap/root/etc/pki/ca-trust/extracted/edk2
DEBUG file_util.py:17:  ensuring that dir exists: /var/lib/mock/centos+epel-7-x86_64-bootstrap/root/etc/pki/ca-trust/extracted/java
DEBUG file_util.py:17:  ensuring that dir exists: /var/lib/mock/centos+epel-7-x86_64-bootstrap/root/etc/pki/ca-trust/extracted/openssl
DEBUG file_util.py:17:  ensuring that dir exists: /var/lib/mock/centos+epel-7-x86_64-bootstrap/root/etc/pki/ca-trust/extracted/pem
DEBUG file_util.py:17:  ensuring that dir exists: /var/lib/mock/centos+epel-7-x86_64-bootstrap/root/etc/pki/ca-trust/source/anchors
DEBUG file_util.py:17:  ensuring that dir exists: /var/lib/mock/centos+epel-7-x86_64-bootstrap/root/etc/pki/ca-trust/source/blacklist
DEBUG package_manager.py:406:  copying CA trust dir into chroot: /usr/share/pki/ca-trust-source => /usr/share/pki/ca-trust-source
DEBUG file_util.py:191:  Updating files in /var/lib/mock/centos+epel-7-x86_64-bootstrap/root/usr/share/pki/ca-trust-source with files from /usr/share/pki/ca-trust-source
DEBUG file_util.py:17:  ensuring that dir exists: /var/lib/mock/centos+epel-7-x86_64-bootstrap/root/usr/share/pki/ca-trust-source
DEBUG file_util.py:17:  ensuring that dir exists: /var/lib/mock/centos+epel-7-x86_64-bootstrap/root/usr/share/pki/ca-trust-source/./anchors
DEBUG file_util.py:17:  ensuring that dir exists: /var/lib/mock/centos+epel-7-x86_64-bootstrap/root/usr/share/pki/ca-trust-source/./blacklist
DEBUG file_util.py:17:  ensuring that dir exists: /var/lib/mock/centos+epel-7-x86_64-bootstrap/root/usr/share
DEBUG package_manager.py:390:  Copying /usr/share/distribution-gpg-keys to the bootstrap chroot
DEBUG util.py:717:  child environment: None
DEBUG util.py:636:  Executing command: ['cp', '-a', '/usr/share/distribution-gpg-keys', '/var/lib/mock/centos+epel-7-x86_64-bootstrap/root/usr/share'] with env {'TERM': 'vt100', 'SHELL': '/bin/sh', 'HOME': '/builddir', 'HOSTNAME': 'mock', 'PATH': '/usr/bin:/bin:/usr/sbin:/sbin', 'LANG': 'C.UTF-8'} and shell False
DEBUG util.py:688:  Child return code was: 0
DEBUG file_util.py:17:  ensuring that dir exists: /var/lib/mock/centos+epel-7-x86_64-bootstrap/root/etc/yum/pluginconf.d
DEBUG package_manager.py:634:  configure yum
DEBUG package_manager.py:645:  configure yum priorities
DEBUG package_manager.py:647:  configure yum rhnplugin
DEBUG file_util.py:17:  ensuring that dir exists: /var/lib/mock/centos+epel-7-x86_64-bootstrap/root/var/cache/yum
DEBUG util.py:717:  child environment: None
DEBUG util.py:636:  Executing command: ['/bin/mount', '-n', '-o', 'bind', '/var/cache/mock/centos+epel-7-x86_64-bootstrap/yum_cache', '/var/lib/mock/centos+epel-7-x86_64-bootstrap/root/var/cache/yum'] with env {'TERM': 'vt100', 'SHELL': '/bin/sh', 'HOME': '/builddir', 'HOSTNAME': 'mock', 'PATH': '/usr/bin:/bin:/usr/sbin:/sbin', 'LANG': 'C.UTF-8'} and shell False
DEBUG util.py:688:  Child return code was: 0
DEBUG file_util.py:17:  ensuring that dir exists: /var/lib/mock/centos+epel-7-x86_64-bootstrap/root/var/cache/dnf
DEBUG util.py:717:  child environment: None
DEBUG util.py:636:  Executing command: ['/bin/mount', '-n', '-o', 'bind', '/var/cache/mock/centos+epel-7-x86_64-bootstrap/dnf_cache', '/var/lib/mock/centos+epel-7-x86_64-bootstrap/root/var/cache/dnf'] with env {'TERM': 'vt100', 'SHELL': '/bin/sh', 'HOME': '/builddir', 'HOSTNAME': 'mock', 'PATH': '/usr/bin:/bin:/usr/sbin:/sbin', 'LANG': 'C.UTF-8'} and shell False
DEBUG util.py:688:  Child return code was: 0
DEBUG file_util.py:17:  ensuring that dir exists: /var/lib/mock/centos+epel-7-x86_64-bootstrap/root/root/mock-localrepo
DEBUG util.py:717:  child environment: None
DEBUG util.py:636:  Executing command: ['/bin/mount', '-n', '-o', 'bind', '/root/mock-localrepo', '/var/lib/mock/centos+epel-7-x86_64-bootstrap/root/root/mock-localrepo'] with env {'TERM': 'vt100', 'SHELL': '/bin/sh', 'HOME': '/builddir', 'HOSTNAME': 'mock', 'PATH': '/usr/bin:/bin:/usr/sbin:/sbin', 'LANG': 'C.UTF-8'} and shell False
DEBUG util.py:688:  Child return code was: 0
DEBUG file_util.py:17:  ensuring that dir exists: /var/lib/mock/centos+epel-7-x86_64-bootstrap/root/etc
DEBUG file_util.py:17:  ensuring that dir exists: /var/lib/mock/centos+epel-7-x86_64-bootstrap/root/etc
DEBUG buildroot.py:39:  method _cleanup_homedir skipped in bootstrap
DEBUG buildroot.py:39:  method _setup_build_dirs skipped in bootstrap
DEBUG buildroot.py:39:  method _make_users skipped in bootstrap
DEBUG file_util.py:29:  touching file: /var/lib/mock/centos+epel-7-x86_64-bootstrap/root/.initialized
DEBUG file_util.py:17:  ensuring that dir exists: /var/lib/mock/centos+epel-7-x86_64
DEBUG file_util.py:17:  ensuring that dir exists: /var/lib/mock/centos+epel-7-x86_64/root
DEBUG file_util.py:17:  ensuring that dir exists: /var/lib/mock/centos+epel-7-x86_64/result
INFO buildroot.py:321:  calling preinit hooks
DEBUG file_util.py:17:  ensuring that dir exists: /var/cache/mock/centos+epel-7-x86_64/root_cache/
DEBUG file_util.py:17:  ensuring that dir exists: /var/lib/mock/centos+epel-7-x86_64/root
DEBUG util.py:717:  child environment: None
DEBUG util.py:636:  Executing command: ['/bin/tar', '--use-compress-program', 'pigz', '-xf', '/var/cache/mock/centos+epel-7-x86_64/root_cache/cache.tar.gz', '-C', '/var/lib/mock/centos+epel-7-x86_64/root'] with env {'TERM': 'vt100', 'SHELL': '/bin/sh', 'HOME': '/builddir', 'HOSTNAME': 'mock', 'PATH': '/usr/bin:/bin:/usr/sbin:/sbin', 'LANG': 'C.UTF-8'} and shell False
DEBUG util.py:688:  Child return code was: 0
DEBUG file_util.py:17:  ensuring that dir exists: /var/lib/mock/centos+epel-7-x86_64/root/./proc
DEBUG file_util.py:20:  created dir: /var/lib/mock/centos+epel-7-x86_64/root/./proc
DEBUG file_util.py:17:  ensuring that dir exists: /var/lib/mock/centos+epel-7-x86_64/root/./sys
DEBUG file_util.py:20:  created dir: /var/lib/mock/centos+epel-7-x86_64/root/./sys
DEBUG file_util.py:17:  ensuring that dir exists: /var/lib/mock/centos+epel-7-x86_64/root/./dev
DEBUG file_util.py:20:  created dir: /var/lib/mock/centos+epel-7-x86_64/root/./dev
DEBUG file_util.py:17:  ensuring that dir exists: /var/lib/mock/centos+epel-7-x86_64/root/./tmp/ccache
DEBUG file_util.py:20:  created dir: /var/lib/mock/centos+epel-7-x86_64/root/./tmp/ccache
DEBUG file_util.py:17:  ensuring that dir exists: /var/lib/mock/centos+epel-7-x86_64/root/./var/cache/yum
DEBUG file_util.py:20:  created dir: /var/lib/mock/centos+epel-7-x86_64/root/./var/cache/yum
DEBUG file_util.py:17:  ensuring that dir exists: /var/lib/mock/centos+epel-7-x86_64/root/./var/cache/dnf
DEBUG file_util.py:20:  created dir: /var/lib/mock/centos+epel-7-x86_64/root/./var/cache/dnf
DEBUG file_util.py:17:  ensuring that dir exists: /var/lib/mock/centos+epel-7-x86_64/root/./var/log
DEBUG file_util.py:20:  created dir: /var/lib/mock/centos+epel-7-x86_64/root/./var/log
DEBUG file_util.py:17:  ensuring that dir exists: /var/cache/mock/centos+epel-7-x86_64/yum_cache
DEBUG file_util.py:17:  ensuring that dir exists: /var/cache/mock/centos+epel-7-x86_64/dnf_cache
DEBUG util.py:717:  child environment: None
DEBUG util.py:636:  Executing command: ['/usr/bin/lscpu'] with env {'TERM': 'vt100', 'SHELL': '/bin/sh', 'HOME': '/builddir', 'HOSTNAME': 'mock', 'PATH': '/usr/bin:/bin:/usr/sbin:/sbin', 'LANG': 'C.UTF-8'} and shell False
DEBUG util.py:537:  Architecture:        x86_64
DEBUG util.py:537:  CPU op-mode(s):      32-bit, 64-bit
DEBUG util.py:537:  Byte Order:          Little Endian
DEBUG util.py:537:  CPU(s):              4
DEBUG util.py:537:  On-line CPU(s) list: 0-3
DEBUG util.py:537:  Thread(s) per core:  1
DEBUG util.py:537:  Core(s) per socket:  1
DEBUG util.py:537:  Socket(s):           4
DEBUG util.py:537:  NUMA node(s):        1
DEBUG util.py:537:  Vendor ID:           GenuineIntel
DEBUG util.py:537:  BIOS Vendor ID:      QEMU
DEBUG util.py:537:  CPU family:          6
DEBUG util.py:537:  Model:               190
DEBUG util.py:537:  Model name:          Intel(R) N150
DEBUG util.py:537:  BIOS Model name:     pc-q35-8.2
DEBUG util.py:537:  Stepping:            0
DEBUG util.py:537:  CPU MHz:             806.400
DEBUG util.py:537:  BogoMIPS:            1612.80
DEBUG util.py:537:  Hypervisor vendor:   KVM
DEBUG util.py:537:  Virtualization type: full
DEBUG util.py:537:  L1d cache:           32K
DEBUG util.py:537:  L1i cache:           32K
DEBUG util.py:537:  L2 cache:            4096K
DEBUG util.py:537:  L3 cache:            16384K
DEBUG util.py:537:  NUMA node0 CPU(s):   0-3
DEBUG util.py:537:  Flags:               fpu vme de pse tsc msr pae mce cx8 apic sep mtrr pge mca cmov pat pse36 clflush mmx fxsr sse sse2 ss syscall nx pdpe1gb rdtscp lm constant_tsc arch_perfmon rep_good nopl xtopology cpuid tsc_known_freq pni pclmulqdq ssse3 fma cx16 pdcm sse4_1 sse4_2 x2apic movbe popcnt tsc_deadline_timer aes xsave avx f16c rdrand hypervisor lahf_lm abm 3dnowprefetch cpuid_fault ssbd ibrs ibpb stibp ibrs_enhanced fsgsbase tsc_adjust bmi1 avx2 smep bmi2 erms invpcid rdseed adx smap clflushopt clwb sha_ni xsaveopt xsavec xgetbv1 xsaves avx_vnni arat umip pku ospke waitpkg gfni vaes vpclmulqdq rdpid movdiri movdir64b fsrm md_clear serialize flush_l1d arch_capabilities
DEBUG util.py:688:  Child return code was: 0
DEBUG util.py:717:  child environment: None
DEBUG util.py:636:  Executing command: ['/bin/free', '--human'] with env {'TERM': 'vt100', 'SHELL': '/bin/sh', 'HOME': '/builddir', 'HOSTNAME': 'mock', 'PATH': '/usr/bin:/bin:/usr/sbin:/sbin', 'LANG': 'C.UTF-8'} and shell False
DEBUG util.py:537:                total        used        free      shared  buff/cache   available
DEBUG util.py:537:  Mem:          3.6Gi       732Mi       687Mi        19Mi       2.2Gi       2.6Gi
DEBUG util.py:537:  Swap:         4.0Gi        83Mi       3.9Gi
DEBUG util.py:688:  Child return code was: 0
DEBUG util.py:717:  child environment: None
DEBUG util.py:636:  Executing command: ['/bin/df', '-H', '-T', '/var/lib/mock/centos+epel-7-x86_64/root', '/var/cache/mock'] with env {'TERM': 'vt100', 'SHELL': '/bin/sh', 'HOME': '/builddir', 'HOSTNAME': 'mock', 'PATH': '/usr/bin:/bin:/usr/sbin:/sbin', 'LANG': 'C.UTF-8'} and shell False
DEBUG util.py:537:  Filesystem     Type  Size  Used Avail Use% Mounted on
DEBUG util.py:537:  /dev/vda3      xfs    49G   20G   29G  42% /
DEBUG util.py:537:  /dev/vda3      xfs    49G   20G   29G  42% /
DEBUG util.py:688:  Child return code was: 0
DEBUG buildroot.py:760:  create skeleton dirs
DEBUG file_util.py:17:  ensuring that dir exists: /var/lib/mock/centos+epel-7-x86_64/root/var/lib/rpm
DEBUG file_util.py:17:  ensuring that dir exists: /var/lib/mock/centos+epel-7-x86_64/root/var/lib/yum
DEBUG file_util.py:17:  ensuring that dir exists: /var/lib/mock/centos+epel-7-x86_64/root/var/lib/dbus
DEBUG file_util.py:17:  ensuring that dir exists: /var/lib/mock/centos+epel-7-x86_64/root/var/log
DEBUG file_util.py:17:  ensuring that dir exists: /var/lib/mock/centos+epel-7-x86_64/root/var/cache/dnf
DEBUG file_util.py:17:  ensuring that dir exists: /var/lib/mock/centos+epel-7-x86_64/root/var/cache/yum
DEBUG file_util.py:17:  ensuring that dir exists: /var/lib/mock/centos+epel-7-x86_64/root/etc/rpm
DEBUG file_util.py:17:  ensuring that dir exists: /var/lib/mock/centos+epel-7-x86_64/root/tmp
DEBUG file_util.py:17:  ensuring that dir exists: /var/lib/mock/centos+epel-7-x86_64/root/tmp/ccache
DEBUG file_util.py:17:  ensuring that dir exists: /var/lib/mock/centos+epel-7-x86_64/root/var/tmp
DEBUG file_util.py:17:  ensuring that dir exists: /var/lib/mock/centos+epel-7-x86_64/root/etc/dnf
DEBUG file_util.py:17:  ensuring that dir exists: /var/lib/mock/centos+epel-7-x86_64/root/etc/dnf/vars
DEBUG file_util.py:17:  ensuring that dir exists: /var/lib/mock/centos+epel-7-x86_64/root/etc/yum.repos.d
DEBUG file_util.py:17:  ensuring that dir exists: /var/lib/mock/centos+epel-7-x86_64/root/etc/yum
DEBUG file_util.py:17:  ensuring that dir exists: /var/lib/mock/centos+epel-7-x86_64/root/proc
DEBUG file_util.py:17:  ensuring that dir exists: /var/lib/mock/centos+epel-7-x86_64/root/sys
DEBUG file_util.py:17:  ensuring that dir exists: /var/lib/mock/centos+epel-7-x86_64/root/dev/pts
DEBUG file_util.py:20:  created dir: /var/lib/mock/centos+epel-7-x86_64/root/dev/pts
DEBUG file_util.py:17:  ensuring that dir exists: /var/lib/mock/centos+epel-7-x86_64/root/dev/shm
DEBUG file_util.py:20:  created dir: /var/lib/mock/centos+epel-7-x86_64/root/dev/shm
DEBUG file_util.py:17:  ensuring that dir exists: /var/lib/mock/centos+epel-7-x86_64/root/dev/mapper
DEBUG file_util.py:20:  created dir: /var/lib/mock/centos+epel-7-x86_64/root/dev/mapper
DEBUG buildroot.py:904:  kernel version == 4.18.0-553.169.1.el8_10.x86_64
DEBUG file_util.py:29:  touching file: /var/lib/mock/centos+epel-7-x86_64/root/etc/fstab
DEBUG file_util.py:29:  touching file: /var/lib/mock/centos+epel-7-x86_64/root/etc/yum/yum.conf
DEBUG file_util.py:29:  touching file: /var/lib/mock/centos+epel-7-x86_64/root/etc/dnf/dnf.conf
DEBUG file_util.py:29:  touching file: /var/lib/mock/centos+epel-7-x86_64/root/var/log/yum.log
DEBUG buildroot.py:335:  rootdir = /var/lib/mock/centos+epel-7-x86_64/root
DEBUG buildroot.py:336:  resultdir = /var/lib/mock/centos+epel-7-x86_64/result
INFO buildroot.py:184:  Package manager yum detected and used (direct choice)
DEBUG file_util.py:17:  ensuring that dir exists: /var/lib/mock/centos+epel-7-x86_64/root/etc/pki/mock
DEBUG package_manager.py:406:  copying CA trust dir into chroot: /etc/pki/ca-trust => /etc/pki/ca-trust
DEBUG file_util.py:191:  Updating files in /var/lib/mock/centos+epel-7-x86_64/root/etc/pki/ca-trust with files from /etc/pki/ca-trust
DEBUG file_util.py:17:  ensuring that dir exists: /var/lib/mock/centos+epel-7-x86_64/root/etc/pki/ca-trust
DEBUG file_util.py:17:  ensuring that dir exists: /var/lib/mock/centos+epel-7-x86_64/root/etc/pki/ca-trust/./extracted
DEBUG file_util.py:17:  ensuring that dir exists: /var/lib/mock/centos+epel-7-x86_64/root/etc/pki/ca-trust/./source
DEBUG file_util.py:17:  ensuring that dir exists: /var/lib/mock/centos+epel-7-x86_64/root/etc/pki/ca-trust/extracted/edk2
DEBUG file_util.py:17:  ensuring that dir exists: /var/lib/mock/centos+epel-7-x86_64/root/etc/pki/ca-trust/extracted/java
DEBUG file_util.py:17:  ensuring that dir exists: /var/lib/mock/centos+epel-7-x86_64/root/etc/pki/ca-trust/extracted/openssl
DEBUG file_util.py:17:  ensuring that dir exists: /var/lib/mock/centos+epel-7-x86_64/root/etc/pki/ca-trust/extracted/pem
DEBUG file_util.py:17:  ensuring that dir exists: /var/lib/mock/centos+epel-7-x86_64/root/etc/pki/ca-trust/source/anchors
DEBUG file_util.py:17:  ensuring that dir exists: /var/lib/mock/centos+epel-7-x86_64/root/etc/pki/ca-trust/source/blacklist
DEBUG package_manager.py:406:  copying CA trust dir into chroot: /usr/share/pki/ca-trust-source => /usr/share/pki/ca-trust-source
DEBUG file_util.py:191:  Updating files in /var/lib/mock/centos+epel-7-x86_64/root/usr/share/pki/ca-trust-source with files from /usr/share/pki/ca-trust-source
DEBUG file_util.py:17:  ensuring that dir exists: /var/lib/mock/centos+epel-7-x86_64/root/usr/share/pki/ca-trust-source
DEBUG file_util.py:17:  ensuring that dir exists: /var/lib/mock/centos+epel-7-x86_64/root/usr/share/pki/ca-trust-source/./anchors
DEBUG file_util.py:17:  ensuring that dir exists: /var/lib/mock/centos+epel-7-x86_64/root/usr/share/pki/ca-trust-source/./blacklist
DEBUG file_util.py:17:  ensuring that dir exists: /var/lib/mock/centos+epel-7-x86_64/root/etc/yum/pluginconf.d
DEBUG package_manager.py:634:  configure yum
DEBUG package_manager.py:645:  configure yum priorities
DEBUG package_manager.py:647:  configure yum rhnplugin
DEBUG file_util.py:17:  ensuring that dir exists: /var/lib/mock/centos+epel-7-x86_64/root/var/cache/yum
DEBUG util.py:717:  child environment: None
DEBUG util.py:636:  Executing command: ['/bin/mount', '-n', '-o', 'bind', '/var/cache/mock/centos+epel-7-x86_64/yum_cache', '/var/lib/mock/centos+epel-7-x86_64/root/var/cache/yum'] with env {'TERM': 'vt100', 'SHELL': '/bin/sh', 'HOME': '/builddir', 'HOSTNAME': 'mock', 'PATH': '/usr/bin:/bin:/usr/sbin:/sbin', 'LANG': 'C.UTF-8'} and shell False
DEBUG util.py:688:  Child return code was: 0
DEBUG file_util.py:17:  ensuring that dir exists: /var/lib/mock/centos+epel-7-x86_64/root/var/cache/dnf
DEBUG util.py:717:  child environment: None
DEBUG util.py:636:  Executing command: ['/bin/mount', '-n', '-o', 'bind', '/var/cache/mock/centos+epel-7-x86_64/dnf_cache', '/var/lib/mock/centos+epel-7-x86_64/root/var/cache/dnf'] with env {'TERM': 'vt100', 'SHELL': '/bin/sh', 'HOME': '/builddir', 'HOSTNAME': 'mock', 'PATH': '/usr/bin:/bin:/usr/sbin:/sbin', 'LANG': 'C.UTF-8'} and shell False
DEBUG util.py:688:  Child return code was: 0
DEBUG file_util.py:29:  touching file: /var/lib/mock/centos+epel-7-x86_64/root/etc/resolv.conf
DEBUG util.py:717:  child environment: None
DEBUG util.py:631:  Using nspawn with args None
DEBUG util.py:636:  Executing command: ['/usr/bin/systemd-nspawn', '-q', '-M', 'd239817816164b65a11dd81217a5f9e8', '-D', '/var/lib/mock/centos+epel-7-x86_64-bootstrap/root', '-a', '--setenv=TERM=vt100', '--setenv=SHELL=/bin/sh', '--setenv=HOME=/builddir', '--setenv=HOSTNAME=mock', '--setenv=PATH=/usr/bin:/bin:/usr/sbin:/sbin', '--setenv=LANG=C.UTF-8', 'rpm', '-q', 'rpm', 'rpm-sequoia', 'python3-dnf', 'python3-dnf-plugins-core', 'yum', 'yum-utils', 'dnf5', 'dnf5-plugins'] with env {'TERM': 'vt100', 'SHELL': '/bin/sh', 'HOME': '/builddir', 'HOSTNAME': 'mock', 'PATH': '/usr/bin:/bin:/usr/sbin:/sbin', 'LANG': 'C.UTF-8', 'SYSTEMD_NSPAWN_TMPFS_TMP': '0', 'SYSTEMD_SECCOMP': '0'} and shell False
DEBUG util.py:537:  rpm-4.11.3-45.el7.x86_64
DEBUG util.py:537:  package rpm-sequoia is not installed
DEBUG util.py:537:  package python3-dnf is not installed
DEBUG util.py:537:  package python3-dnf-plugins-core is not installed
DEBUG util.py:537:  yum-3.4.3-168.el7.centos.noarch
DEBUG util.py:537:  yum-utils-1.1.31-54.el7_8.noarch
DEBUG util.py:537:  package dnf5 is not installed
DEBUG util.py:537:  package dnf5-plugins is not installed
DEBUG util.py:688:  Child return code was: 5
INFO package_manager.py:202:  Buildroot is handled by package management downloaded with a bootstrap image:
  rpm-4.11.3-45.el7.x86_64
  yum-3.4.3-168.el7.centos.noarch
  yum-utils-1.1.31-54.el7_8.noarch
DEBUG file_util.py:17:  ensuring that dir exists: /var/lib/mock/centos+epel-7-x86_64-bootstrap/root/var/lib/mock/centos+epel-7-x86_64/root
DEBUG util.py:717:  child environment: None
DEBUG util.py:636:  Executing command: ['/bin/mount', '-n', '-t', 'tmpfs', '-o', 'private,mode=0755', 'tmpfs', '/var/lib/mock/centos+epel-7-x86_64-bootstrap/root/var/lib/mock/centos+epel-7-x86_64/root'] with env {'TERM': 'vt100', 'SHELL': '/bin/sh', 'HOME': '/builddir', 'HOSTNAME': 'mock', 'PATH': '/usr/bin:/bin:/usr/sbin:/sbin', 'LANG': 'C.UTF-8'} and shell False
DEBUG util.py:688:  Child return code was: 0
DEBUG file_util.py:17:  ensuring that dir exists: /var/lib/mock/centos+epel-7-x86_64-bootstrap/root/var/lib/mock/centos+epel-7-x86_64/root
DEBUG util.py:717:  child environment: None
DEBUG util.py:636:  Executing command: ['/bin/mount', '-n', '-o', 'rbind', '/var/lib/mock/centos+epel-7-x86_64/root', '/var/lib/mock/centos+epel-7-x86_64-bootstrap/root/var/lib/mock/centos+epel-7-x86_64/root'] with env {'TERM': 'vt100', 'SHELL': '/bin/sh', 'HOME': '/builddir', 'HOSTNAME': 'mock', 'PATH': '/usr/bin:/bin:/usr/sbin:/sbin', 'LANG': 'C.UTF-8'} and shell False
DEBUG util.py:688:  Child return code was: 0
DEBUG util.py:717:  child environment: None
DEBUG util.py:636:  Executing command: ['/bin/mount', '-n', '-o', 'remount,private,rbind', '--target', '/var/lib/mock/centos+epel-7-x86_64-bootstrap/root/var/lib/mock/centos+epel-7-x86_64/root'] with env {'TERM': 'vt100', 'SHELL': '/bin/sh', 'HOME': '/builddir', 'HOSTNAME': 'mock', 'PATH': '/usr/bin:/bin:/usr/sbin:/sbin', 'LANG': 'C.UTF-8'} and shell False
DEBUG util.py:688:  Child return code was: 0
DEBUG buildroot.py:723:  removing 3 rpm db files
DEBUG buildroot.py:728:  nuke_rpm_db: removing /var/lib/mock/centos+epel-7-x86_64-bootstrap/root/var/lib/rpm/__db.001
DEBUG buildroot.py:728:  nuke_rpm_db: removing /var/lib/mock/centos+epel-7-x86_64-bootstrap/root/var/lib/rpm/__db.002
DEBUG buildroot.py:728:  nuke_rpm_db: removing /var/lib/mock/centos+epel-7-x86_64-bootstrap/root/var/lib/rpm/__db.003
DEBUG util.py:717:  child environment: None
DEBUG util.py:631:  Using nspawn with args ['--capability=cap_ipc_lock', '--resolv-conf=off']
DEBUG util.py:636:  Executing command: ['/usr/bin/systemd-nspawn', '-q', '-M', '65a88b72ef0e4ce0858e13cf879980a4', '-D', '/var/lib/mock/centos+epel-7-x86_64-bootstrap/root', '-a', '--capability=cap_ipc_lock', '--resolv-conf=off', '--setenv=TERM=vt100', '--setenv=SHELL=/bin/bash', '--setenv=HOME=/builddir', '--setenv=HOSTNAME=mock', '--setenv=PATH=/usr/bin:/bin:/usr/sbin:/sbin', '--setenv=PROMPT_COMMAND=printf "\\033]0;<mock-chroot>\\007"', '--setenv=PS1=<mock-chroot> \\s-\\v\\$ ', '--setenv=LANG=C.UTF-8', '/bin/rpm', '-qa', '--root', '/var/lib/mock/centos+epel-7-x86_64/root'] with env {'TERM': 'vt100', 'SHELL': '/bin/bash', 'HOME': '/builddir', 'HOSTNAME': 'mock', 'PATH': '/usr/bin:/bin:/usr/sbin:/sbin', 'PROMPT_COMMAND': 'printf "\\033]0;<mock-chroot>\\007"', 'PS1': '<mock-chroot> \\s-\\v\\$ ', 'LANG': 'C.UTF-8', 'SYSTEMD_NSPAWN_TMPFS_TMP': '0', 'SYSTEMD_SECCOMP': '0'} and shell False
DEBUG util.py:537:  gpg-pubkey-352c64e5-52ae6884
DEBUG util.py:537:  centos-release-7-9.2009.2.el7.centos.x86_64
DEBUG util.py:537:  filesystem-3.2-25.el7.x86_64
DEBUG util.py:537:  python-rpm-macros-3-34.el7.noarch
DEBUG util.py:537:  ncurses-base-5.9-14.20130511.el7_4.noarch
DEBUG util.py:537:  kernel-headers-3.10.0-1160.119.1.el7.x86_64
DEBUG util.py:537:  nss-softokn-freebl-3.90.0-6.el7_9.x86_64
DEBUG util.py:537:  glibc-2.17-326.el7_9.3.x86_64
DEBUG util.py:537:  nss-util-3.90.0-1.el7_9.x86_64
DEBUG util.py:537:  ncurses-libs-5.9-14.20130511.el7_4.x86_64
DEBUG util.py:537:  libsepol-2.5-10.el7.x86_64
DEBUG util.py:537:  libselinux-2.5-15.el7.x86_64
DEBUG util.py:537:  info-5.1-5.el7.x86_64
DEBUG util.py:537:  xz-libs-5.2.2-2.el7_9.x86_64
DEBUG util.py:537:  libdb-5.3.21-25.el7.x86_64
DEBUG util.py:537:  gmp-6.0.0-15.el7.x86_64
DEBUG util.py:537:  libattr-2.4.46-13.el7.x86_64
DEBUG util.py:537:  libcap-2.22-11.el7.x86_64
DEBUG util.py:537:  libgpg-error-1.12-3.el7.x86_64
DEBUG util.py:537:  lua-5.1.4-15.el7.x86_64
DEBUG util.py:537:  mpfr-3.1.1-4.el7.x86_64
DEBUG util.py:537:  libffi-3.0.13-19.el7.x86_64
DEBUG util.py:537:  libcom_err-1.42.9-19.el7.x86_64
DEBUG util.py:537:  xz-5.2.2-2.el7_9.x86_64
DEBUG util.py:537:  findutils-4.5.11-6.el7.x86_64
DEBUG util.py:537:  cpio-2.11-28.el7.x86_64
DEBUG util.py:537:  expat-2.1.0-15.el7_9.x86_64
DEBUG util.py:537:  audit-libs-2.8.5-4.el7.x86_64
DEBUG util.py:537:  sqlite-3.7.17-8.el7_7.1.x86_64
DEBUG util.py:537:  tar-1.26-35.el7.x86_64
DEBUG util.py:537:  lz4-1.8.3-1.el7.x86_64
DEBUG util.py:537:  cpp-4.8.5-44.el7.x86_64
DEBUG util.py:537:  libassuan-2.1.0-3.el7.x86_64
DEBUG util.py:537:  patch-2.7.1-12.el7_7.x86_64
DEBUG util.py:537:  perl-parent-0.225-244.el7.noarch
DEBUG util.py:537:  perl-podlators-2.5.1-3.el7.noarch
DEBUG util.py:537:  perl-Pod-Escapes-1.04-299.el7_9.noarch
DEBUG util.py:537:  perl-Encode-2.51-7.el7.x86_64
DEBUG util.py:537:  perl-Time-HiRes-1.9725-3.el7.x86_64
DEBUG util.py:537:  perl-Storable-2.45-3.el7.x86_64
DEBUG util.py:537:  perl-Filter-1.49-3.el7.x86_64
DEBUG util.py:537:  perl-constant-1.27-2.el7.noarch
DEBUG util.py:537:  perl-macros-5.16.3-299.el7_9.x86_64
DEBUG util.py:537:  perl-File-Path-2.09-2.el7.noarch
DEBUG util.py:537:  perl-PathTools-3.40-5.el7.x86_64
DEBUG util.py:537:  perl-Scalar-List-Utils-1.27-248.el7.x86_64
DEBUG util.py:537:  perl-Pod-Simple-3.28-4.el7.noarch
DEBUG util.py:537:  perl-5.16.3-299.el7_9.x86_64
DEBUG util.py:537:  libdb-utils-5.3.21-25.el7.x86_64
DEBUG util.py:537:  kmod-libs-20-28.el7.x86_64
DEBUG util.py:537:  bzip2-1.0.6-13.el7.x86_64
DEBUG util.py:537:  zip-3.0-11.el7.x86_64
DEBUG util.py:537:  libgomp-4.8.5-44.el7.x86_64
DEBUG util.py:537:  glibc-devel-2.17-326.el7_9.3.x86_64
DEBUG util.py:537:  libstdc++-devel-4.8.5-44.el7.x86_64
DEBUG util.py:537:  libsmartcols-2.23.2-65.el7_9.1.x86_64
DEBUG util.py:537:  libsemanage-2.5-14.el7.x86_64
DEBUG util.py:537:  libtasn1-4.10-1.el7.x86_64
DEBUG util.py:537:  ca-certificates-2023.2.60_v7.0.306-72.el7_9.noarch
DEBUG util.py:537:  qrencode-libs-3.4.1-3.el7.x86_64
DEBUG util.py:537:  openssl-libs-1.0.2k-26.el7_9.x86_64
DEBUG util.py:537:  krb5-libs-1.15.1-55.el7_9.x86_64
DEBUG util.py:537:  gzip-1.5-11.el7_9.x86_64
DEBUG util.py:537:  libmount-2.23.2-65.el7_9.1.x86_64
DEBUG util.py:537:  shared-mime-info-1.8-5.el7.x86_64
DEBUG util.py:537:  shadow-utils-4.6-5.el7.x86_64
DEBUG util.py:537:  cracklib-dicts-2.9.0-11.el7.x86_64
DEBUG util.py:537:  libpwquality-1.2.3-5.el7.x86_64
DEBUG util.py:537:  gcc-4.8.5-44.el7.x86_64
DEBUG util.py:537:  nss-pem-1.0.3-7.el7_9.1.x86_64
DEBUG util.py:537:  nss-sysinit-3.90.0-2.el7_9.x86_64
DEBUG util.py:537:  python-libs-2.7.5-94.el7_9.x86_64
DEBUG util.py:537:  libssh2-1.8.0-4.el7_9.1.x86_64
DEBUG util.py:537:  curl-7.29.0-59.el7_9.2.x86_64
DEBUG util.py:537:  rpm-4.11.3-48.el7_9.x86_64
DEBUG util.py:537:  libuser-0.60-9.el7.x86_64
DEBUG util.py:537:  rpm-build-libs-4.11.3-48.el7_9.x86_64
DEBUG util.py:537:  lua-srpm-macros-1-13.el7.noarch
DEBUG util.py:537:  json-c-0.11-4.el7_0.x86_64
DEBUG util.py:537:  procps-ng-3.3.10-28.el7.x86_64
DEBUG util.py:537:  kpartx-0.4.9-136.el7_9.x86_64
DEBUG util.py:537:  cryptsetup-libs-2.0.3-6.el7.x86_64
DEBUG util.py:537:  kmod-20-28.el7.x86_64
DEBUG util.py:537:  systemd-libs-219-78.el7_9.9.x86_64
DEBUG util.py:537:  systemd-219-78.el7_9.9.x86_64
DEBUG util.py:537:  elfutils-default-yama-scope-0.176-5.el7.noarch
DEBUG util.py:537:  python2-rpm-macros-3-34.el7.noarch
DEBUG util.py:537:  rpm-build-4.11.3-48.el7_9.x86_64
DEBUG util.py:537:  make-3.82-24.el7.x86_64
DEBUG util.py:537:  epel-release-7-14.noarch
DEBUG util.py:537:  gpg-pubkey-f4a80eb5-53a7ff4b
DEBUG util.py:537:  libgcc-4.8.5-44.el7.x86_64
DEBUG util.py:537:  setup-2.8.71-11.el7.noarch
DEBUG util.py:537:  python-srpm-macros-3-34.el7.noarch
DEBUG util.py:537:  basesystem-10.0-7.el7.centos.noarch
DEBUG util.py:537:  perl-srpm-macros-1-8.el7.noarch
DEBUG util.py:537:  tzdata-2024a-1.el7.noarch
DEBUG util.py:537:  glibc-common-2.17-326.el7_9.3.x86_64
DEBUG util.py:537:  nspr-4.35.0-1.el7_9.x86_64
DEBUG util.py:537:  libstdc++-4.8.5-44.el7.x86_64
DEBUG util.py:537:  bash-4.2.46-35.el7_9.x86_64
DEBUG util.py:537:  pcre-8.32-17.el7.x86_64
DEBUG util.py:537:  zlib-1.2.7-21.el7_9.x86_64
DEBUG util.py:537:  bzip2-libs-1.0.6-13.el7.x86_64
DEBUG util.py:537:  elfutils-libelf-0.176-5.el7.x86_64
DEBUG util.py:537:  sed-4.2.2-7.el7.x86_64
DEBUG util.py:537:  popt-1.13-16.el7.x86_64
DEBUG util.py:537:  libacl-2.2.51-15.el7.x86_64
DEBUG util.py:537:  readline-6.2-11.el7.x86_64
DEBUG util.py:537:  libgcrypt-1.5.3-14.el7.x86_64
DEBUG util.py:537:  chkconfig-1.7.6-1.el7.x86_64
DEBUG util.py:537:  grep-2.20-3.el7.x86_64
DEBUG util.py:537:  libuuid-2.23.2-65.el7_9.1.x86_64
DEBUG util.py:537:  libmpc-1.0.1-3.el7.x86_64
DEBUG util.py:537:  gawk-4.0.2-4.el7_3.1.x86_64
DEBUG util.py:537:  diffutils-3.3-6.el7_9.x86_64
DEBUG util.py:537:  file-libs-5.11-37.el7.x86_64
DEBUG util.py:537:  libcap-ng-0.7.5-4.el7.x86_64
DEBUG util.py:537:  p11-kit-0.23.5-3.el7.x86_64
DEBUG util.py:537:  nss-softokn-3.90.0-6.el7_9.x86_64
DEBUG util.py:537:  gdbm-1.10-8.el7.x86_64
DEBUG util.py:537:  file-5.11-37.el7.x86_64
DEBUG util.py:537:  pinentry-0.8.1-17.el7.x86_64
DEBUG util.py:537:  acl-2.2.51-15.el7.x86_64
DEBUG util.py:537:  groff-base-1.22.2-8.el7.x86_64
DEBUG util.py:537:  perl-HTTP-Tiny-0.033-3.el7.noarch
DEBUG util.py:537:  perl-Pod-Perldoc-3.20-4.el7.noarch
DEBUG util.py:537:  perl-Text-ParseWords-3.29-4.el7.noarch
DEBUG util.py:537:  perl-Pod-Usage-1.63-3.el7.noarch
DEBUG util.py:537:  perl-threads-1.87-4.el7.x86_64
DEBUG util.py:537:  perl-Carp-1.26-244.el7.noarch
DEBUG util.py:537:  perl-Exporter-5.68-3.el7.noarch
DEBUG util.py:537:  perl-Socket-2.010-5.el7.x86_64
DEBUG util.py:537:  perl-Time-Local-1.2300-2.el7.noarch
DEBUG util.py:537:  perl-File-Temp-0.23.01-3.el7.noarch
DEBUG util.py:537:  perl-threads-shared-1.43-6.el7.x86_64
DEBUG util.py:537:  perl-libs-5.16.3-299.el7_9.x86_64
DEBUG util.py:537:  perl-Getopt-Long-2.40-3.el7.noarch
DEBUG util.py:537:  perl-Thread-Queue-3.02-2.el7.noarch
DEBUG util.py:537:  dwz-0.11-3.el7.x86_64
DEBUG util.py:537:  libxml2-2.9.1-6.el7_9.6.x86_64
DEBUG util.py:537:  unzip-6.0-24.el7_9.x86_64
DEBUG util.py:537:  libidn-1.28-4.el7.x86_64
DEBUG util.py:537:  glibc-headers-2.17-326.el7_9.3.x86_64
DEBUG util.py:537:  ncurses-5.9-14.20130511.el7_4.x86_64
DEBUG util.py:537:  pth-2.0.7-23.el7.x86_64
DEBUG util.py:537:  ustr-1.0.4-16.el7.x86_64
DEBUG util.py:537:  libverto-0.2.5-4.el7.x86_64
DEBUG util.py:537:  p11-kit-trust-0.23.5-3.el7.x86_64
DEBUG util.py:537:  hardlink-1.0-19.el7.x86_64
DEBUG util.py:537:  keyutils-libs-1.5.8-3.el7.x86_64
DEBUG util.py:537:  coreutils-8.22-24.el7_9.2.x86_64
DEBUG util.py:537:  libblkid-2.23.2-65.el7_9.1.x86_64
DEBUG util.py:537:  cracklib-2.9.0-11.el7.x86_64
DEBUG util.py:537:  glib2-2.56.1-9.el7_9.x86_64
DEBUG util.py:537:  binutils-2.27-44.base.el7_9.1.x86_64
DEBUG util.py:537:  pkgconfig-0.27.1-4.el7.x86_64
DEBUG util.py:537:  pam-1.1.8-23.el7.x86_64
DEBUG util.py:537:  libutempter-1.1.6-4.el7.x86_64
DEBUG util.py:537:  cyrus-sasl-lib-2.1.26-24.el7_9.x86_64
DEBUG util.py:537:  nss-3.90.0-2.el7_9.x86_64
DEBUG util.py:537:  nss-tools-3.90.0-2.el7_9.x86_64
DEBUG util.py:537:  gdb-7.6.1-120.el7.x86_64
DEBUG util.py:537:  libcurl-7.29.0-59.el7_9.2.x86_64
DEBUG util.py:537:  rpm-libs-4.11.3-48.el7_9.x86_64
DEBUG util.py:537:  openldap-2.4.44-25.el7_9.x86_64
DEBUG util.py:537:  gnupg2-2.0.22-5.el7_5.x86_64
DEBUG util.py:537:  perl-generators-epel-1-1.el7.noarch
DEBUG util.py:537:  redhat-rpm-config-9.1.0-88.el7.centos.noarch
DEBUG util.py:537:  util-linux-2.23.2-65.el7_9.1.x86_64
DEBUG util.py:537:  device-mapper-1.02.170-6.el7_9.5.x86_64
DEBUG util.py:537:  device-mapper-libs-1.02.170-6.el7_9.5.x86_64
DEBUG util.py:537:  dracut-033-572.el7.x86_64
DEBUG util.py:537:  elfutils-libs-0.176-5.el7.x86_64
DEBUG util.py:537:  dbus-libs-1.10.24-15.el7.x86_64
DEBUG util.py:537:  dbus-1.10.24-15.el7.x86_64
DEBUG util.py:537:  elfutils-0.176-5.el7.x86_64
DEBUG util.py:537:  epel-rpm-macros-7-38.noarch
DEBUG util.py:537:  gcc-c++-4.8.5-44.el7.x86_64
DEBUG util.py:537:  which-2.20-7.el7.x86_64
DEBUG util.py:688:  Child return code was: 0
DEBUG util.py:200:  kill orphans in chroot /var/lib/mock/centos+epel-7-x86_64/root
DEBUG util.py:200:  kill orphans in chroot /var/lib/mock/centos+epel-7-x86_64-bootstrap/root/var/lib/mock/centos+epel-7-x86_64/root
DEBUG util.py:717:  child environment: None
DEBUG util.py:636:  Executing command: ['/bin/umount', '-n', '-l', '/var/lib/mock/centos+epel-7-x86_64-bootstrap/root/var/lib/mock/centos+epel-7-x86_64/root'] with env {'TERM': 'vt100', 'SHELL': '/bin/sh', 'HOME': '/builddir', 'HOSTNAME': 'mock', 'PATH': '/usr/bin:/bin:/usr/sbin:/sbin', 'LANG': 'C.UTF-8'} and shell False
DEBUG util.py:688:  Child return code was: 0
DEBUG util.py:717:  child environment: None
DEBUG util.py:636:  Executing command: ['/bin/umount', '-n', '-l', '/var/lib/mock/centos+epel-7-x86_64-bootstrap/root/var/lib/mock/centos+epel-7-x86_64/root'] with env {'TERM': 'vt100', 'SHELL': '/bin/sh', 'HOME': '/builddir', 'HOSTNAME': 'mock', 'PATH': '/usr/bin:/bin:/usr/sbin:/sbin', 'LANG': 'C.UTF-8'} and shell False
DEBUG util.py:688:  Child return code was: 0
DEBUG file_util.py:17:  ensuring that dir exists: /var/lib/mock/centos+epel-7-x86_64/root/proc
DEBUG util.py:717:  child environment: None
DEBUG util.py:636:  Executing command: ['/bin/mount', '-n', '-t', 'tmpfs', '-o', 'rprivate,mode=0755', 'tmpfs', '/var/lib/mock/centos+epel-7-x86_64/root/proc'] with env {'TERM': 'vt100', 'SHELL': '/bin/sh', 'HOME': '/builddir', 'HOSTNAME': 'mock', 'PATH': '/usr/bin:/bin:/usr/sbin:/sbin', 'LANG': 'C.UTF-8'} and shell False
DEBUG util.py:688:  Child return code was: 0
DEBUG file_util.py:17:  ensuring that dir exists: /var/lib/mock/centos+epel-7-x86_64/root/proc
DEBUG util.py:717:  child environment: None
DEBUG util.py:636:  Executing command: ['/bin/mount', '-n', '-o', 'rbind', '/proc', '/var/lib/mock/centos+epel-7-x86_64/root/proc'] with env {'TERM': 'vt100', 'SHELL': '/bin/sh', 'HOME': '/builddir', 'HOSTNAME': 'mock', 'PATH': '/usr/bin:/bin:/usr/sbin:/sbin', 'LANG': 'C.UTF-8'} and shell False
DEBUG util.py:688:  Child return code was: 0
DEBUG util.py:717:  child environment: None
DEBUG util.py:636:  Executing command: ['/bin/mount', '-n', '-o', 'remount,nodev,noexec,nosuid,readonly,rprivate,rbind', '--target', '/var/lib/mock/centos+epel-7-x86_64/root/proc'] with env {'TERM': 'vt100', 'SHELL': '/bin/sh', 'HOME': '/builddir', 'HOSTNAME': 'mock', 'PATH': '/usr/bin:/bin:/usr/sbin:/sbin', 'LANG': 'C.UTF-8'} and shell False
DEBUG util.py:688:  Child return code was: 0
DEBUG file_util.py:17:  ensuring that dir exists: /var/lib/mock/centos+epel-7-x86_64/root/sys
DEBUG util.py:717:  child environment: None
DEBUG util.py:636:  Executing command: ['/bin/mount', '-n', '-t', 'tmpfs', '-o', 'rprivate,mode=0755', 'tmpfs', '/var/lib/mock/centos+epel-7-x86_64/root/sys'] with env {'TERM': 'vt100', 'SHELL': '/bin/sh', 'HOME': '/builddir', 'HOSTNAME': 'mock', 'PATH': '/usr/bin:/bin:/usr/sbin:/sbin', 'LANG': 'C.UTF-8'} and shell False
DEBUG util.py:688:  Child return code was: 0
DEBUG file_util.py:17:  ensuring that dir exists: /var/lib/mock/centos+epel-7-x86_64/root/sys
DEBUG util.py:717:  child environment: None
DEBUG util.py:636:  Executing command: ['/bin/mount', '-n', '-o', 'rbind', '/sys', '/var/lib/mock/centos+epel-7-x86_64/root/sys'] with env {'TERM': 'vt100', 'SHELL': '/bin/sh', 'HOME': '/builddir', 'HOSTNAME': 'mock', 'PATH': '/usr/bin:/bin:/usr/sbin:/sbin', 'LANG': 'C.UTF-8'} and shell False
DEBUG util.py:688:  Child return code was: 0
DEBUG util.py:717:  child environment: None
DEBUG util.py:636:  Executing command: ['/bin/mount', '-n', '-o', 'remount,nodev,noexec,nosuid,readonly,rprivate,rbind', '--target', '/var/lib/mock/centos+epel-7-x86_64/root/sys'] with env {'TERM': 'vt100', 'SHELL': '/bin/sh', 'HOME': '/builddir', 'HOSTNAME': 'mock', 'PATH': '/usr/bin:/bin:/usr/sbin:/sbin', 'LANG': 'C.UTF-8'} and shell False
DEBUG util.py:688:  Child return code was: 0
DEBUG file_util.py:17:  ensuring that dir exists: /var/lib/mock/centos+epel-7-x86_64/root/dev/shm
DEBUG util.py:717:  child environment: None
DEBUG util.py:636:  Executing command: ['/bin/mount', '-n', '-t', 'tmpfs', 'tmpfs', '/var/lib/mock/centos+epel-7-x86_64/root/dev/shm'] with env {'TERM': 'vt100', 'SHELL': '/bin/sh', 'HOME': '/builddir', 'HOSTNAME': 'mock', 'PATH': '/usr/bin:/bin:/usr/sbin:/sbin', 'LANG': 'C.UTF-8'} and shell False
DEBUG util.py:688:  Child return code was: 0
DEBUG file_util.py:17:  ensuring that dir exists: /var/lib/mock/centos+epel-7-x86_64/root/dev/pts
DEBUG util.py:717:  child environment: None
DEBUG util.py:636:  Executing command: ['/bin/mount', '-n', '-t', 'devpts', '-o', 'gid=5,mode=0620,ptmxmode=0666,newinstance', 'devpts', '/var/lib/mock/centos+epel-7-x86_64/root/dev/pts'] with env {'TERM': 'vt100', 'SHELL': '/bin/sh', 'HOME': '/builddir', 'HOSTNAME': 'mock', 'PATH': '/usr/bin:/bin:/usr/sbin:/sbin', 'LANG': 'C.UTF-8'} and shell False
DEBUG util.py:688:  Child return code was: 0
DEBUG util.py:717:  child environment: None
DEBUG util.py:636:  Executing command: ['/bin/mount', '-n', '-o', 'bind', '/tmp/mock-selinux-plugin.as01j8_v', '/var/lib/mock/centos+epel-7-x86_64/root/proc/filesystems'] with env {'TERM': 'vt100', 'SHELL': '/bin/sh', 'HOME': '/builddir', 'HOSTNAME': 'mock', 'PATH': '/usr/bin:/bin:/usr/sbin:/sbin', 'LANG': 'C.UTF-8'} and shell False
DEBUG util.py:688:  Child return code was: 0
DEBUG file_util.py:17:  ensuring that dir exists: /var/lib/mock/centos+epel-7-x86_64/root/sys/fs/selinux
DEBUG util.py:717:  child environment: None
DEBUG util.py:636:  Executing command: ['/bin/mount', '-n', '-t', 'tmpfs', 'tmpfs', '/var/lib/mock/centos+epel-7-x86_64/root/sys/fs/selinux'] with env {'TERM': 'vt100', 'SHELL': '/bin/sh', 'HOME': '/builddir', 'HOSTNAME': 'mock', 'PATH': '/usr/bin:/bin:/usr/sbin:/sbin', 'LANG': 'C.UTF-8'} and shell False
DEBUG util.py:688:  Child return code was: 0
DEBUG file_util.py:17:  ensuring that dir exists: /var/lib/mock/centos+epel-7-x86_64-bootstrap/root/var/lib/mock/centos+epel-7-x86_64/root
DEBUG util.py:717:  child environment: None
DEBUG util.py:636:  Executing command: ['/bin/mount', '-n', '-t', 'tmpfs', '-o', 'private,mode=0755', 'tmpfs', '/var/lib/mock/centos+epel-7-x86_64-bootstrap/root/var/lib/mock/centos+epel-7-x86_64/root'] with env {'TERM': 'vt100', 'SHELL': '/bin/sh', 'HOME': '/builddir', 'HOSTNAME': 'mock', 'PATH': '/usr/bin:/bin:/usr/sbin:/sbin', 'LANG': 'C.UTF-8'} and shell False
DEBUG util.py:688:  Child return code was: 0
DEBUG file_util.py:17:  ensuring that dir exists: /var/lib/mock/centos+epel-7-x86_64-bootstrap/root/var/lib/mock/centos+epel-7-x86_64/root
DEBUG util.py:717:  child environment: None
DEBUG util.py:636:  Executing command: ['/bin/mount', '-n', '-o', 'rbind', '/var/lib/mock/centos+epel-7-x86_64/root', '/var/lib/mock/centos+epel-7-x86_64-bootstrap/root/var/lib/mock/centos+epel-7-x86_64/root'] with env {'TERM': 'vt100', 'SHELL': '/bin/sh', 'HOME': '/builddir', 'HOSTNAME': 'mock', 'PATH': '/usr/bin:/bin:/usr/sbin:/sbin', 'LANG': 'C.UTF-8'} and shell False
DEBUG util.py:688:  Child return code was: 0
DEBUG util.py:717:  child environment: None
DEBUG util.py:636:  Executing command: ['/bin/mount', '-n', '-o', 'remount,private,rbind', '--target', '/var/lib/mock/centos+epel-7-x86_64-bootstrap/root/var/lib/mock/centos+epel-7-x86_64/root'] with env {'TERM': 'vt100', 'SHELL': '/bin/sh', 'HOME': '/builddir', 'HOSTNAME': 'mock', 'PATH': '/usr/bin:/bin:/usr/sbin:/sbin', 'LANG': 'C.UTF-8'} and shell False
DEBUG util.py:688:  Child return code was: 0
DEBUG file_util.py:17:  ensuring that dir exists: /var/lib/mock/centos+epel-7-x86_64/root/installation-homedir
DEBUG package_manager.py:296:  ['/usr/bin/yum', '--installroot', '/var/lib/mock/centos+epel-7-x86_64/root/', '-y', '--releasever', '7', 'update']
DEBUG util.py:717:  child environment: None
DEBUG util.py:631:  Using nspawn with args ['--capability=cap_ipc_lock', '--resolv-conf=off']
DEBUG util.py:636:  Executing command: ['/usr/bin/systemd-nspawn', '-q', '-M', '36136c9468484f368f858468eeb0ef4d', '-D', '/var/lib/mock/centos+epel-7-x86_64-bootstrap/root', '-a', '--capability=cap_ipc_lock', '--resolv-conf=off', '--setenv=TERM=vt100', '--setenv=SHELL=/bin/bash', '--setenv=HOME=/var/lib/mock/centos+epel-7-x86_64/root/installation-homedir', '--setenv=HOSTNAME=mock', '--setenv=PATH=/usr/bin:/bin:/usr/sbin:/sbin', '--setenv=PROMPT_COMMAND=printf "\\033]0;<mock-chroot>\\007"', '--setenv=PS1=<mock-chroot> \\s-\\v\\$ ', '--setenv=LANG=C.UTF-8', '--setenv=LC_MESSAGES=C.UTF-8', '/usr/bin/yum', '--installroot', '/var/lib/mock/centos+epel-7-x86_64/root/', '-y', '--releasever', '7', 'update', '--setopt=tsflags=nocontexts'] with env {'TERM': 'vt100', 'SHELL': '/bin/bash', 'HOME': '/var/lib/mock/centos+epel-7-x86_64/root/installation-homedir', 'HOSTNAME': 'mock', 'PATH': '/usr/bin:/bin:/usr/sbin:/sbin', 'PROMPT_COMMAND': 'printf "\\033]0;<mock-chroot>\\007"', 'PS1': '<mock-chroot> \\s-\\v\\$ ', 'LANG': 'C.UTF-8', 'LC_MESSAGES': 'C.UTF-8', 'SYSTEMD_NSPAWN_TMPFS_TMP': '0', 'SYSTEMD_SECCOMP': '0'} and shell False
DEBUG util.py:535:  Failed to set locale, defaulting to C
DEBUG util.py:537:  base                                                     | 3.6 kB     00:00     
DEBUG util.py:537:  centos-sclo-rh                                           | 3.0 kB     00:00     
DEBUG util.py:537:  centos-sclo-sclo                                         | 3.0 kB     00:00     
DEBUG util.py:537:  epel                                                     | 4.3 kB     00:00     
DEBUG util.py:537:  extras                                                   | 2.9 kB     00:00     
DEBUG util.py:537:  mock-localrepo                                           | 3.0 kB     00:00     
DEBUG util.py:537:  updates                                                  | 2.9 kB     00:00     
DEBUG util.py:537:  No packages marked for update
DEBUG util.py:688:  Child return code was: 0
DEBUG util.py:200:  kill orphans in chroot /var/lib/mock/centos+epel-7-x86_64/root
DEBUG util.py:200:  kill orphans in chroot /var/lib/mock/centos+epel-7-x86_64-bootstrap/root/var/lib/mock/centos+epel-7-x86_64/root
DEBUG util.py:717:  child environment: None
DEBUG util.py:636:  Executing command: ['/bin/umount', '-n', '-l', '/var/lib/mock/centos+epel-7-x86_64-bootstrap/root/var/lib/mock/centos+epel-7-x86_64/root'] with env {'TERM': 'vt100', 'SHELL': '/bin/sh', 'HOME': '/builddir', 'HOSTNAME': 'mock', 'PATH': '/usr/bin:/bin:/usr/sbin:/sbin', 'LANG': 'C.UTF-8'} and shell False
DEBUG util.py:688:  Child return code was: 0
DEBUG util.py:717:  child environment: None
DEBUG util.py:636:  Executing command: ['/bin/umount', '-n', '-l', '/var/lib/mock/centos+epel-7-x86_64-bootstrap/root/var/lib/mock/centos+epel-7-x86_64/root'] with env {'TERM': 'vt100', 'SHELL': '/bin/sh', 'HOME': '/builddir', 'HOSTNAME': 'mock', 'PATH': '/usr/bin:/bin:/usr/sbin:/sbin', 'LANG': 'C.UTF-8'} and shell False
DEBUG util.py:688:  Child return code was: 0
DEBUG util.py:717:  child environment: None
DEBUG util.py:636:  Executing command: ['/bin/umount', '-n', '-l', '/var/lib/mock/centos+epel-7-x86_64/root/sys/fs/selinux'] with env {'TERM': 'vt100', 'SHELL': '/bin/sh', 'HOME': '/builddir', 'HOSTNAME': 'mock', 'PATH': '/usr/bin:/bin:/usr/sbin:/sbin', 'LANG': 'C.UTF-8'} and shell False
DEBUG util.py:688:  Child return code was: 0
DEBUG util.py:717:  child environment: None
DEBUG util.py:636:  Executing command: ['/bin/umount', '-n', '/var/lib/mock/centos+epel-7-x86_64/root/proc/filesystems'] with env {'TERM': 'vt100', 'SHELL': '/bin/sh', 'HOME': '/builddir', 'HOSTNAME': 'mock', 'PATH': '/usr/bin:/bin:/usr/sbin:/sbin', 'LANG': 'C.UTF-8'} and shell False
DEBUG util.py:688:  Child return code was: 0
DEBUG util.py:717:  child environment: None
DEBUG util.py:636:  Executing command: ['/bin/umount', '-n', '-l', '/var/lib/mock/centos+epel-7-x86_64/root/dev/pts'] with env {'TERM': 'vt100', 'SHELL': '/bin/sh', 'HOME': '/builddir', 'HOSTNAME': 'mock', 'PATH': '/usr/bin:/bin:/usr/sbin:/sbin', 'LANG': 'C.UTF-8'} and shell False
DEBUG util.py:688:  Child return code was: 0
DEBUG util.py:717:  child environment: None
DEBUG util.py:636:  Executing command: ['/bin/umount', '-n', '-l', '/var/lib/mock/centos+epel-7-x86_64/root/dev/shm'] with env {'TERM': 'vt100', 'SHELL': '/bin/sh', 'HOME': '/builddir', 'HOSTNAME': 'mock', 'PATH': '/usr/bin:/bin:/usr/sbin:/sbin', 'LANG': 'C.UTF-8'} and shell False
DEBUG util.py:688:  Child return code was: 0
DEBUG util.py:717:  child environment: None
DEBUG util.py:636:  Executing command: ['/bin/umount', '-n', '-l', '/var/lib/mock/centos+epel-7-x86_64/root/sys'] with env {'TERM': 'vt100', 'SHELL': '/bin/sh', 'HOME': '/builddir', 'HOSTNAME': 'mock', 'PATH': '/usr/bin:/bin:/usr/sbin:/sbin', 'LANG': 'C.UTF-8'} and shell False
DEBUG util.py:688:  Child return code was: 0
DEBUG util.py:717:  child environment: None
DEBUG util.py:636:  Executing command: ['/bin/umount', '-n', '-l', '/var/lib/mock/centos+epel-7-x86_64/root/sys'] with env {'TERM': 'vt100', 'SHELL': '/bin/sh', 'HOME': '/builddir', 'HOSTNAME': 'mock', 'PATH': '/usr/bin:/bin:/usr/sbin:/sbin', 'LANG': 'C.UTF-8'} and shell False
DEBUG util.py:688:  Child return code was: 0
DEBUG util.py:717:  child environment: None
DEBUG util.py:636:  Executing command: ['/bin/umount', '-n', '-l', '/var/lib/mock/centos+epel-7-x86_64/root/proc'] with env {'TERM': 'vt100', 'SHELL': '/bin/sh', 'HOME': '/builddir', 'HOSTNAME': 'mock', 'PATH': '/usr/bin:/bin:/usr/sbin:/sbin', 'LANG': 'C.UTF-8'} and shell False
DEBUG util.py:688:  Child return code was: 0
DEBUG util.py:717:  child environment: None
DEBUG util.py:636:  Executing command: ['/bin/umount', '-n', '-l', '/var/lib/mock/centos+epel-7-x86_64/root/proc'] with env {'TERM': 'vt100', 'SHELL': '/bin/sh', 'HOME': '/builddir', 'HOSTNAME': 'mock', 'PATH': '/usr/bin:/bin:/usr/sbin:/sbin', 'LANG': 'C.UTF-8'} and shell False
DEBUG util.py:688:  Child return code was: 0
DEBUG file_util.py:17:  ensuring that dir exists: /var/lib/mock/centos+epel-7-x86_64-bootstrap/root/var/lib/mock/centos+epel-7-x86_64/root
DEBUG util.py:717:  child environment: None
DEBUG util.py:636:  Executing command: ['/bin/mount', '-n', '-t', 'tmpfs', '-o', 'private,mode=0755', 'tmpfs', '/var/lib/mock/centos+epel-7-x86_64-bootstrap/root/var/lib/mock/centos+epel-7-x86_64/root'] with env {'TERM': 'vt100', 'SHELL': '/bin/sh', 'HOME': '/builddir', 'HOSTNAME': 'mock', 'PATH': '/usr/bin:/bin:/usr/sbin:/sbin', 'LANG': 'C.UTF-8'} and shell False
DEBUG util.py:688:  Child return code was: 0
DEBUG file_util.py:17:  ensuring that dir exists: /var/lib/mock/centos+epel-7-x86_64-bootstrap/root/var/lib/mock/centos+epel-7-x86_64/root
DEBUG util.py:717:  child environment: None
DEBUG util.py:636:  Executing command: ['/bin/mount', '-n', '-o', 'rbind', '/var/lib/mock/centos+epel-7-x86_64/root', '/var/lib/mock/centos+epel-7-x86_64-bootstrap/root/var/lib/mock/centos+epel-7-x86_64/root'] with env {'TERM': 'vt100', 'SHELL': '/bin/sh', 'HOME': '/builddir', 'HOSTNAME': 'mock', 'PATH': '/usr/bin:/bin:/usr/sbin:/sbin', 'LANG': 'C.UTF-8'} and shell False
DEBUG util.py:688:  Child return code was: 0
DEBUG util.py:717:  child environment: None
DEBUG util.py:636:  Executing command: ['/bin/mount', '-n', '-o', 'remount,private,rbind', '--target', '/var/lib/mock/centos+epel-7-x86_64-bootstrap/root/var/lib/mock/centos+epel-7-x86_64/root'] with env {'TERM': 'vt100', 'SHELL': '/bin/sh', 'HOME': '/builddir', 'HOSTNAME': 'mock', 'PATH': '/usr/bin:/bin:/usr/sbin:/sbin', 'LANG': 'C.UTF-8'} and shell False
DEBUG util.py:688:  Child return code was: 0
DEBUG util.py:717:  child environment: None
DEBUG util.py:631:  Using nspawn with args ['--capability=cap_ipc_lock', '--resolv-conf=off']
DEBUG util.py:636:  Executing command: ['/usr/bin/systemd-nspawn', '-q', '-M', '4664fcd9d75d4426ae7e50a47f531fe9', '-D', '/var/lib/mock/centos+epel-7-x86_64-bootstrap/root', '-a', '--capability=cap_ipc_lock', '--resolv-conf=off', '--setenv=TERM=vt100', '--setenv=SHELL=/bin/bash', '--setenv=HOME=/builddir', '--setenv=HOSTNAME=mock', '--setenv=PATH=/usr/bin:/bin:/usr/sbin:/sbin', '--setenv=PROMPT_COMMAND=printf "\\033]0;<mock-chroot>\\007"', '--setenv=PS1=<mock-chroot> \\s-\\v\\$ ', '--setenv=LANG=C.UTF-8', '/bin/rpm', '-qa', '--root', '/var/lib/mock/centos+epel-7-x86_64/root'] with env {'TERM': 'vt100', 'SHELL': '/bin/bash', 'HOME': '/builddir', 'HOSTNAME': 'mock', 'PATH': '/usr/bin:/bin:/usr/sbin:/sbin', 'PROMPT_COMMAND': 'printf "\\033]0;<mock-chroot>\\007"', 'PS1': '<mock-chroot> \\s-\\v\\$ ', 'LANG': 'C.UTF-8', 'SYSTEMD_NSPAWN_TMPFS_TMP': '0', 'SYSTEMD_SECCOMP': '0'} and shell False
DEBUG util.py:537:  gpg-pubkey-352c64e5-52ae6884
DEBUG util.py:537:  centos-release-7-9.2009.2.el7.centos.x86_64
DEBUG util.py:537:  filesystem-3.2-25.el7.x86_64
DEBUG util.py:537:  python-rpm-macros-3-34.el7.noarch
DEBUG util.py:537:  ncurses-base-5.9-14.20130511.el7_4.noarch
DEBUG util.py:537:  kernel-headers-3.10.0-1160.119.1.el7.x86_64
DEBUG util.py:537:  nss-softokn-freebl-3.90.0-6.el7_9.x86_64
DEBUG util.py:537:  glibc-2.17-326.el7_9.3.x86_64
DEBUG util.py:537:  nss-util-3.90.0-1.el7_9.x86_64
DEBUG util.py:537:  ncurses-libs-5.9-14.20130511.el7_4.x86_64
DEBUG util.py:537:  libsepol-2.5-10.el7.x86_64
DEBUG util.py:537:  libselinux-2.5-15.el7.x86_64
DEBUG util.py:537:  info-5.1-5.el7.x86_64
DEBUG util.py:537:  xz-libs-5.2.2-2.el7_9.x86_64
DEBUG util.py:537:  libdb-5.3.21-25.el7.x86_64
DEBUG util.py:537:  gmp-6.0.0-15.el7.x86_64
DEBUG util.py:537:  libattr-2.4.46-13.el7.x86_64
DEBUG util.py:537:  libcap-2.22-11.el7.x86_64
DEBUG util.py:537:  libgpg-error-1.12-3.el7.x86_64
DEBUG util.py:537:  lua-5.1.4-15.el7.x86_64
DEBUG util.py:537:  mpfr-3.1.1-4.el7.x86_64
DEBUG util.py:537:  libffi-3.0.13-19.el7.x86_64
DEBUG util.py:537:  libcom_err-1.42.9-19.el7.x86_64
DEBUG util.py:537:  xz-5.2.2-2.el7_9.x86_64
DEBUG util.py:537:  findutils-4.5.11-6.el7.x86_64
DEBUG util.py:537:  cpio-2.11-28.el7.x86_64
DEBUG util.py:537:  expat-2.1.0-15.el7_9.x86_64
DEBUG util.py:537:  audit-libs-2.8.5-4.el7.x86_64
DEBUG util.py:537:  sqlite-3.7.17-8.el7_7.1.x86_64
DEBUG util.py:537:  tar-1.26-35.el7.x86_64
DEBUG util.py:537:  lz4-1.8.3-1.el7.x86_64
DEBUG util.py:537:  cpp-4.8.5-44.el7.x86_64
DEBUG util.py:537:  libassuan-2.1.0-3.el7.x86_64
DEBUG util.py:537:  patch-2.7.1-12.el7_7.x86_64
DEBUG util.py:537:  perl-parent-0.225-244.el7.noarch
DEBUG util.py:537:  perl-podlators-2.5.1-3.el7.noarch
DEBUG util.py:537:  perl-Pod-Escapes-1.04-299.el7_9.noarch
DEBUG util.py:537:  perl-Encode-2.51-7.el7.x86_64
DEBUG util.py:537:  perl-Time-HiRes-1.9725-3.el7.x86_64
DEBUG util.py:537:  perl-Storable-2.45-3.el7.x86_64
DEBUG util.py:537:  perl-Filter-1.49-3.el7.x86_64
DEBUG util.py:537:  perl-constant-1.27-2.el7.noarch
DEBUG util.py:537:  perl-macros-5.16.3-299.el7_9.x86_64
DEBUG util.py:537:  perl-File-Path-2.09-2.el7.noarch
DEBUG util.py:537:  perl-PathTools-3.40-5.el7.x86_64
DEBUG util.py:537:  perl-Scalar-List-Utils-1.27-248.el7.x86_64
DEBUG util.py:537:  perl-Pod-Simple-3.28-4.el7.noarch
DEBUG util.py:537:  perl-5.16.3-299.el7_9.x86_64
DEBUG util.py:537:  libdb-utils-5.3.21-25.el7.x86_64
DEBUG util.py:537:  kmod-libs-20-28.el7.x86_64
DEBUG util.py:537:  bzip2-1.0.6-13.el7.x86_64
DEBUG util.py:537:  zip-3.0-11.el7.x86_64
DEBUG util.py:537:  libgomp-4.8.5-44.el7.x86_64
DEBUG util.py:537:  glibc-devel-2.17-326.el7_9.3.x86_64
DEBUG util.py:537:  libstdc++-devel-4.8.5-44.el7.x86_64
DEBUG util.py:537:  libsmartcols-2.23.2-65.el7_9.1.x86_64
DEBUG util.py:537:  libsemanage-2.5-14.el7.x86_64
DEBUG util.py:537:  libtasn1-4.10-1.el7.x86_64
DEBUG util.py:537:  ca-certificates-2023.2.60_v7.0.306-72.el7_9.noarch
DEBUG util.py:537:  qrencode-libs-3.4.1-3.el7.x86_64
DEBUG util.py:537:  openssl-libs-1.0.2k-26.el7_9.x86_64
DEBUG util.py:537:  krb5-libs-1.15.1-55.el7_9.x86_64
DEBUG util.py:537:  gzip-1.5-11.el7_9.x86_64
DEBUG util.py:537:  libmount-2.23.2-65.el7_9.1.x86_64
DEBUG util.py:537:  shared-mime-info-1.8-5.el7.x86_64
DEBUG util.py:537:  shadow-utils-4.6-5.el7.x86_64
DEBUG util.py:537:  cracklib-dicts-2.9.0-11.el7.x86_64
DEBUG util.py:537:  libpwquality-1.2.3-5.el7.x86_64
DEBUG util.py:537:  gcc-4.8.5-44.el7.x86_64
DEBUG util.py:537:  nss-pem-1.0.3-7.el7_9.1.x86_64
DEBUG util.py:537:  nss-sysinit-3.90.0-2.el7_9.x86_64
DEBUG util.py:537:  python-libs-2.7.5-94.el7_9.x86_64
DEBUG util.py:537:  libssh2-1.8.0-4.el7_9.1.x86_64
DEBUG util.py:537:  curl-7.29.0-59.el7_9.2.x86_64
DEBUG util.py:537:  rpm-4.11.3-48.el7_9.x86_64
DEBUG util.py:537:  libuser-0.60-9.el7.x86_64
DEBUG util.py:537:  rpm-build-libs-4.11.3-48.el7_9.x86_64
DEBUG util.py:537:  lua-srpm-macros-1-13.el7.noarch
DEBUG util.py:537:  json-c-0.11-4.el7_0.x86_64
DEBUG util.py:537:  procps-ng-3.3.10-28.el7.x86_64
DEBUG util.py:537:  kpartx-0.4.9-136.el7_9.x86_64
DEBUG util.py:537:  cryptsetup-libs-2.0.3-6.el7.x86_64
DEBUG util.py:537:  kmod-20-28.el7.x86_64
DEBUG util.py:537:  systemd-libs-219-78.el7_9.9.x86_64
DEBUG util.py:537:  systemd-219-78.el7_9.9.x86_64
DEBUG util.py:537:  elfutils-default-yama-scope-0.176-5.el7.noarch
DEBUG util.py:537:  python2-rpm-macros-3-34.el7.noarch
DEBUG util.py:537:  rpm-build-4.11.3-48.el7_9.x86_64
DEBUG util.py:537:  make-3.82-24.el7.x86_64
DEBUG util.py:537:  epel-release-7-14.noarch
DEBUG util.py:537:  gpg-pubkey-f4a80eb5-53a7ff4b
DEBUG util.py:537:  libgcc-4.8.5-44.el7.x86_64
DEBUG util.py:537:  setup-2.8.71-11.el7.noarch
DEBUG util.py:537:  python-srpm-macros-3-34.el7.noarch
DEBUG util.py:537:  basesystem-10.0-7.el7.centos.noarch
DEBUG util.py:537:  perl-srpm-macros-1-8.el7.noarch
DEBUG util.py:537:  tzdata-2024a-1.el7.noarch
DEBUG util.py:537:  glibc-common-2.17-326.el7_9.3.x86_64
DEBUG util.py:537:  nspr-4.35.0-1.el7_9.x86_64
DEBUG util.py:537:  libstdc++-4.8.5-44.el7.x86_64
DEBUG util.py:537:  bash-4.2.46-35.el7_9.x86_64
DEBUG util.py:537:  pcre-8.32-17.el7.x86_64
DEBUG util.py:537:  zlib-1.2.7-21.el7_9.x86_64
DEBUG util.py:537:  bzip2-libs-1.0.6-13.el7.x86_64
DEBUG util.py:537:  elfutils-libelf-0.176-5.el7.x86_64
DEBUG util.py:537:  sed-4.2.2-7.el7.x86_64
DEBUG util.py:537:  popt-1.13-16.el7.x86_64
DEBUG util.py:537:  libacl-2.2.51-15.el7.x86_64
DEBUG util.py:537:  readline-6.2-11.el7.x86_64
DEBUG util.py:537:  libgcrypt-1.5.3-14.el7.x86_64
DEBUG util.py:537:  chkconfig-1.7.6-1.el7.x86_64
DEBUG util.py:537:  grep-2.20-3.el7.x86_64
DEBUG util.py:537:  libuuid-2.23.2-65.el7_9.1.x86_64
DEBUG util.py:537:  libmpc-1.0.1-3.el7.x86_64
DEBUG util.py:537:  gawk-4.0.2-4.el7_3.1.x86_64
DEBUG util.py:537:  diffutils-3.3-6.el7_9.x86_64
DEBUG util.py:537:  file-libs-5.11-37.el7.x86_64
DEBUG util.py:537:  libcap-ng-0.7.5-4.el7.x86_64
DEBUG util.py:537:  p11-kit-0.23.5-3.el7.x86_64
DEBUG util.py:537:  nss-softokn-3.90.0-6.el7_9.x86_64
DEBUG util.py:537:  gdbm-1.10-8.el7.x86_64
DEBUG util.py:537:  file-5.11-37.el7.x86_64
DEBUG util.py:537:  pinentry-0.8.1-17.el7.x86_64
DEBUG util.py:537:  acl-2.2.51-15.el7.x86_64
DEBUG util.py:537:  groff-base-1.22.2-8.el7.x86_64
DEBUG util.py:537:  perl-HTTP-Tiny-0.033-3.el7.noarch
DEBUG util.py:537:  perl-Pod-Perldoc-3.20-4.el7.noarch
DEBUG util.py:537:  perl-Text-ParseWords-3.29-4.el7.noarch
DEBUG util.py:537:  perl-Pod-Usage-1.63-3.el7.noarch
DEBUG util.py:537:  perl-threads-1.87-4.el7.x86_64
DEBUG util.py:537:  perl-Carp-1.26-244.el7.noarch
DEBUG util.py:537:  perl-Exporter-5.68-3.el7.noarch
DEBUG util.py:537:  perl-Socket-2.010-5.el7.x86_64
DEBUG util.py:537:  perl-Time-Local-1.2300-2.el7.noarch
DEBUG util.py:537:  perl-File-Temp-0.23.01-3.el7.noarch
DEBUG util.py:537:  perl-threads-shared-1.43-6.el7.x86_64
DEBUG util.py:537:  perl-libs-5.16.3-299.el7_9.x86_64
DEBUG util.py:537:  perl-Getopt-Long-2.40-3.el7.noarch
DEBUG util.py:537:  perl-Thread-Queue-3.02-2.el7.noarch
DEBUG util.py:537:  dwz-0.11-3.el7.x86_64
DEBUG util.py:537:  libxml2-2.9.1-6.el7_9.6.x86_64
DEBUG util.py:537:  unzip-6.0-24.el7_9.x86_64
DEBUG util.py:537:  libidn-1.28-4.el7.x86_64
DEBUG util.py:537:  glibc-headers-2.17-326.el7_9.3.x86_64
DEBUG util.py:537:  ncurses-5.9-14.20130511.el7_4.x86_64
DEBUG util.py:537:  pth-2.0.7-23.el7.x86_64
DEBUG util.py:537:  ustr-1.0.4-16.el7.x86_64
DEBUG util.py:537:  libverto-0.2.5-4.el7.x86_64
DEBUG util.py:537:  p11-kit-trust-0.23.5-3.el7.x86_64
DEBUG util.py:537:  hardlink-1.0-19.el7.x86_64
DEBUG util.py:537:  keyutils-libs-1.5.8-3.el7.x86_64
DEBUG util.py:537:  coreutils-8.22-24.el7_9.2.x86_64
DEBUG util.py:537:  libblkid-2.23.2-65.el7_9.1.x86_64
DEBUG util.py:537:  cracklib-2.9.0-11.el7.x86_64
DEBUG util.py:537:  glib2-2.56.1-9.el7_9.x86_64
DEBUG util.py:537:  binutils-2.27-44.base.el7_9.1.x86_64
DEBUG util.py:537:  pkgconfig-0.27.1-4.el7.x86_64
DEBUG util.py:537:  pam-1.1.8-23.el7.x86_64
DEBUG util.py:537:  libutempter-1.1.6-4.el7.x86_64
DEBUG util.py:537:  cyrus-sasl-lib-2.1.26-24.el7_9.x86_64
DEBUG util.py:537:  nss-3.90.0-2.el7_9.x86_64
DEBUG util.py:537:  nss-tools-3.90.0-2.el7_9.x86_64
DEBUG util.py:537:  gdb-7.6.1-120.el7.x86_64
DEBUG util.py:537:  libcurl-7.29.0-59.el7_9.2.x86_64
DEBUG util.py:537:  rpm-libs-4.11.3-48.el7_9.x86_64
DEBUG util.py:537:  openldap-2.4.44-25.el7_9.x86_64
DEBUG util.py:537:  gnupg2-2.0.22-5.el7_5.x86_64
DEBUG util.py:537:  perl-generators-epel-1-1.el7.noarch
DEBUG util.py:537:  redhat-rpm-config-9.1.0-88.el7.centos.noarch
DEBUG util.py:537:  util-linux-2.23.2-65.el7_9.1.x86_64
DEBUG util.py:537:  device-mapper-1.02.170-6.el7_9.5.x86_64
DEBUG util.py:537:  device-mapper-libs-1.02.170-6.el7_9.5.x86_64
DEBUG util.py:537:  dracut-033-572.el7.x86_64
DEBUG util.py:537:  elfutils-libs-0.176-5.el7.x86_64
DEBUG util.py:537:  dbus-libs-1.10.24-15.el7.x86_64
DEBUG util.py:537:  dbus-1.10.24-15.el7.x86_64
DEBUG util.py:537:  elfutils-0.176-5.el7.x86_64
DEBUG util.py:537:  epel-rpm-macros-7-38.noarch
DEBUG util.py:537:  gcc-c++-4.8.5-44.el7.x86_64
DEBUG util.py:537:  which-2.20-7.el7.x86_64
DEBUG util.py:688:  Child return code was: 0
DEBUG util.py:200:  kill orphans in chroot /var/lib/mock/centos+epel-7-x86_64/root
DEBUG util.py:200:  kill orphans in chroot /var/lib/mock/centos+epel-7-x86_64-bootstrap/root/var/lib/mock/centos+epel-7-x86_64/root
DEBUG util.py:717:  child environment: None
DEBUG util.py:636:  Executing command: ['/bin/umount', '-n', '-l', '/var/lib/mock/centos+epel-7-x86_64-bootstrap/root/var/lib/mock/centos+epel-7-x86_64/root'] with env {'TERM': 'vt100', 'SHELL': '/bin/sh', 'HOME': '/builddir', 'HOSTNAME': 'mock', 'PATH': '/usr/bin:/bin:/usr/sbin:/sbin', 'LANG': 'C.UTF-8'} and shell False
DEBUG util.py:688:  Child return code was: 0
DEBUG util.py:717:  child environment: None
DEBUG util.py:636:  Executing command: ['/bin/umount', '-n', '-l', '/var/lib/mock/centos+epel-7-x86_64-bootstrap/root/var/lib/mock/centos+epel-7-x86_64/root'] with env {'TERM': 'vt100', 'SHELL': '/bin/sh', 'HOME': '/builddir', 'HOSTNAME': 'mock', 'PATH': '/usr/bin:/bin:/usr/sbin:/sbin', 'LANG': 'C.UTF-8'} and shell False
DEBUG util.py:688:  Child return code was: 0
DEBUG file_util.py:17:  ensuring that dir exists: /var/lib/mock/centos+epel-7-x86_64/root/builddir/build
DEBUG file_util.py:17:  ensuring that dir exists: /var/lib/mock/centos+epel-7-x86_64/root/builddir/build/RPMS
DEBUG file_util.py:20:  created dir: /var/lib/mock/centos+epel-7-x86_64/root/builddir/build/RPMS
DEBUG file_util.py:17:  ensuring that dir exists: /var/lib/mock/centos+epel-7-x86_64/root/builddir/build/SPECS
DEBUG file_util.py:20:  created dir: /var/lib/mock/centos+epel-7-x86_64/root/builddir/build/SPECS
DEBUG file_util.py:17:  ensuring that dir exists: /var/lib/mock/centos+epel-7-x86_64/root/builddir/build/SRPMS
DEBUG file_util.py:20:  created dir: /var/lib/mock/centos+epel-7-x86_64/root/builddir/build/SRPMS
DEBUG file_util.py:17:  ensuring that dir exists: /var/lib/mock/centos+epel-7-x86_64/root/builddir/build/SOURCES
DEBUG file_util.py:17:  ensuring that dir exists: /var/lib/mock/centos+epel-7-x86_64/root/builddir/build/BUILD
DEBUG file_util.py:20:  created dir: /var/lib/mock/centos+epel-7-x86_64/root/builddir/build/BUILD
DEBUG file_util.py:17:  ensuring that dir exists: /var/lib/mock/centos+epel-7-x86_64/root/builddir/build/BUILDROOT
DEBUG file_util.py:20:  created dir: /var/lib/mock/centos+epel-7-x86_64/root/builddir/build/BUILDROOT
DEBUG file_util.py:17:  ensuring that dir exists: /var/lib/mock/centos+epel-7-x86_64/root/builddir/build/originals
DEBUG file_util.py:20:  created dir: /var/lib/mock/centos+epel-7-x86_64/root/builddir/build/originals
DEBUG file_util.py:17:  ensuring that dir exists: /var/lib/mock/centos+epel-7-x86_64/root/builddir
DEBUG util.py:717:  child environment: None
DEBUG util.py:636:  Executing command: ['userdel', '-f', 'mockbuild', '--prefix', '/var/lib/mock/centos+epel-7-x86_64/root'] with env {'TERM': 'vt100', 'SHELL': '/bin/sh', 'HOME': '/builddir', 'HOSTNAME': 'mock', 'PATH': '/usr/bin:/bin:/usr/sbin:/sbin', 'LANG': 'C.UTF-8'} and shell False
DEBUG util.py:688:  Child return code was: 0
DEBUG util.py:717:  child environment: None
DEBUG util.py:636:  Executing command: ['groupdel', 'mock', '--prefix', '/var/lib/mock/centos+epel-7-x86_64/root'] with env {'TERM': 'vt100', 'SHELL': '/bin/sh', 'HOME': '/builddir', 'HOSTNAME': 'mock', 'PATH': '/usr/bin:/bin:/usr/sbin:/sbin', 'LANG': 'C.UTF-8'} and shell False
DEBUG util.py:688:  Child return code was: 0
DEBUG util.py:717:  child environment: None
DEBUG util.py:636:  Executing command: ['groupadd', 'mock', '-g', '135', '--prefix', '/var/lib/mock/centos+epel-7-x86_64/root'] with env {'TERM': 'vt100', 'SHELL': '/bin/sh', 'HOME': '/builddir', 'HOSTNAME': 'mock', 'PATH': '/usr/bin:/bin:/usr/sbin:/sbin', 'LANG': 'C.UTF-8'} and shell False
DEBUG util.py:688:  Child return code was: 0
DEBUG util.py:717:  child environment: None
DEBUG util.py:636:  Executing command: ['useradd', 'mockbuild', '-o', '-u', '0', '-g', '135', '-N', '-d', '/builddir', '--prefix', '/var/lib/mock/centos+epel-7-x86_64/root'] with env {'TERM': 'vt100', 'SHELL': '/bin/sh', 'HOME': '/builddir', 'HOSTNAME': 'mock', 'PATH': '/usr/bin:/bin:/usr/sbin:/sbin', 'LANG': 'C.UTF-8'} and shell False
DEBUG util.py:535:  useradd: warning: the home directory already exists.
DEBUG util.py:535:  Not copying any file from skel directory into it.
DEBUG util.py:535:  Creating mailbox file: File exists
DEBUG util.py:688:  Child return code was: 0
DEBUG file_util.py:29:  touching file: /var/lib/mock/centos+epel-7-x86_64/root/.initialized
DEBUG file_util.py:17:  ensuring that dir exists: /root/mock-localrepo
DEBUG file_util.py:17:  ensuring that dir exists: /var/lib/mock/centos+epel-7-x86_64/root/root/mock-localrepo
DEBUG file_util.py:20:  created dir: /var/lib/mock/centos+epel-7-x86_64/root/root/mock-localrepo
DEBUG file_util.py:17:  ensuring that dir exists: /var/lib/mock/centos+epel-7-x86_64/root/root/mock-localrepo
DEBUG util.py:717:  child environment: None
DEBUG util.py:636:  Executing command: ['/bin/mount', '-n', '-o', 'bind', '/root/mock-localrepo', '/var/lib/mock/centos+epel-7-x86_64/root/root/mock-localrepo'] with env {'TERM': 'vt100', 'SHELL': '/bin/sh', 'HOME': '/builddir', 'HOSTNAME': 'mock', 'PATH': '/usr/bin:/bin:/usr/sbin:/sbin', 'LANG': 'C.UTF-8'} and shell False
DEBUG util.py:688:  Child return code was: 0
DEBUG util.py:717:  child environment: None
DEBUG util.py:631:  Using nspawn with args ['--capability=cap_ipc_lock', '--bind=/dev/mapper/control', '--bind=/dev/fuse', '--bind=/dev/loop-control', '--bind=/dev/loop0', '--bind=/dev/loop1', '--bind=/dev/loop2', '--bind=/dev/loop3', '--bind=/dev/loop4', '--bind=/dev/loop5', '--bind=/dev/loop6', '--bind=/dev/loop7', '--bind=/dev/loop8', '--bind=/dev/loop9', '--bind=/dev/loop10', '--bind=/dev/loop11', '--resolv-conf=off']
DEBUG util.py:636:  Executing command: ['/usr/bin/systemd-nspawn', '-q', '-M', '0615de717a1b4511b88c9add45bae7fa', '-D', '/var/lib/mock/centos+epel-7-x86_64/root', '-a', '-u', 'mockbuild', '--capability=cap_ipc_lock', '--bind=/dev/mapper/control', '--bind=/dev/fuse', '--bind=/dev/loop-control', '--bind=/dev/loop0', '--bind=/dev/loop1', '--bind=/dev/loop2', '--bind=/dev/loop3', '--bind=/dev/loop4', '--bind=/dev/loop5', '--bind=/dev/loop6', '--bind=/dev/loop7', '--bind=/dev/loop8', '--bind=/dev/loop9', '--bind=/dev/loop10', '--bind=/dev/loop11', '--resolv-conf=off', '--setenv=TERM=vt100', '--setenv=SHELL=/bin/bash', '--setenv=HOME=/builddir', '--setenv=HOSTNAME=mock', '--setenv=PATH=/usr/bin:/bin:/usr/sbin:/sbin', '--setenv=PROMPT_COMMAND=printf "\\033]0;<mock-chroot>\\007"', '--setenv=PS1=<mock-chroot> \\s-\\v\\$ ', '--setenv=LANG=C.UTF-8', '/bin/rpm', '-Uvh', '--nodeps', '/builddir/build/originals/nginx-1.30.5-1.el8.src.rpm'] with env {'TERM': 'vt100', 'SHELL': '/bin/bash', 'HOME': '/builddir', 'HOSTNAME': 'mock', 'PATH': '/usr/bin:/bin:/usr/sbin:/sbin', 'PROMPT_COMMAND': 'printf "\\033]0;<mock-chroot>\\007"', 'PS1': '<mock-chroot> \\s-\\v\\$ ', 'LANG': 'C.UTF-8', 'SYSTEMD_NSPAWN_TMPFS_TMP': '0', 'SYSTEMD_SECCOMP': '0'} and shell False
DEBUG util.py:537:  Updating / installing...
DEBUG util.py:537:  nginx-1:1.30.5-1.el8                  ########################################
DEBUG util.py:688:  Child return code was: 0
DEBUG buildroot.py:723:  removing 3 rpm db files
DEBUG buildroot.py:728:  nuke_rpm_db: removing /var/lib/mock/centos+epel-7-x86_64/root/var/lib/rpm/__db.001
DEBUG buildroot.py:728:  nuke_rpm_db: removing /var/lib/mock/centos+epel-7-x86_64/root/var/lib/rpm/__db.002
DEBUG buildroot.py:728:  nuke_rpm_db: removing /var/lib/mock/centos+epel-7-x86_64/root/var/lib/rpm/__db.003
DEBUG util.py:717:  child environment: None
DEBUG util.py:631:  Using nspawn with args ['--capability=cap_ipc_lock', '--bind=/dev/mapper/control', '--bind=/dev/fuse', '--bind=/dev/loop-control', '--bind=/dev/loop0', '--bind=/dev/loop1', '--bind=/dev/loop2', '--bind=/dev/loop3', '--bind=/dev/loop4', '--bind=/dev/loop5', '--bind=/dev/loop6', '--bind=/dev/loop7', '--bind=/dev/loop8', '--bind=/dev/loop9', '--bind=/dev/loop10', '--bind=/dev/loop11', '--resolv-conf=off']
DEBUG util.py:636:  Executing command: ['/usr/bin/systemd-nspawn', '-q', '-M', '5e4a0511359048fab499c2946fec90bb', '-D', '/var/lib/mock/centos+epel-7-x86_64/root', '-a', '-u', 'mockbuild', '--capability=cap_ipc_lock', '--bind=/dev/mapper/control', '--bind=/dev/fuse', '--bind=/dev/loop-control', '--bind=/dev/loop0', '--bind=/dev/loop1', '--bind=/dev/loop2', '--bind=/dev/loop3', '--bind=/dev/loop4', '--bind=/dev/loop5', '--bind=/dev/loop6', '--bind=/dev/loop7', '--bind=/dev/loop8', '--bind=/dev/loop9', '--bind=/dev/loop10', '--bind=/dev/loop11', '--resolv-conf=off', '--setenv=TERM=vt100', '--setenv=SHELL=/bin/bash', '--setenv=HOME=/builddir', '--setenv=HOSTNAME=mock', '--setenv=PATH=/usr/bin:/bin:/usr/sbin:/sbin', '--setenv=PROMPT_COMMAND=printf "\\033]0;<mock-chroot>\\007"', '--setenv=PS1=<mock-chroot> \\s-\\v\\$ ', '--setenv=LANG=C.UTF-8', '/bin/rpm', '-qpl', '/builddir/build/originals/nginx-1.30.5-1.el8.src.rpm'] with env {'TERM': 'vt100', 'SHELL': '/bin/bash', 'HOME': '/builddir', 'HOSTNAME': 'mock', 'PATH': '/usr/bin:/bin:/usr/sbin:/sbin', 'PROMPT_COMMAND': 'printf "\\033]0;<mock-chroot>\\007"', 'PS1': '<mock-chroot> \\s-\\v\\$ ', 'LANG': 'C.UTF-8', 'SYSTEMD_NSPAWN_TMPFS_TMP': '0', 'SYSTEMD_SECCOMP': '0'} and shell False
DEBUG util.py:537:  0.1.1.tar.gz
DEBUG util.py:537:  logrotate
DEBUG util.py:537:  nginx-1.30.5.tar.gz
DEBUG util.py:537:  nginx-debug.service
DEBUG util.py:537:  nginx.check-reload.sh
DEBUG util.py:537:  nginx.conf
DEBUG util.py:537:  nginx.copyright
DEBUG util.py:537:  nginx.default.conf
DEBUG util.py:537:  nginx.service
DEBUG util.py:537:  nginx.spec
DEBUG util.py:537:  nginx.suse.logrotate
DEBUG util.py:537:  nginx.upgrade.sh
DEBUG util.py:537:  openssl-3.5.9.tar.gz
DEBUG util.py:537:  v1.0.4.tar.gz
DEBUG util.py:688:  Child return code was: 0
DEBUG buildroot.py:723:  removing 3 rpm db files
DEBUG buildroot.py:728:  nuke_rpm_db: removing /var/lib/mock/centos+epel-7-x86_64/root/var/lib/rpm/__db.001
DEBUG buildroot.py:728:  nuke_rpm_db: removing /var/lib/mock/centos+epel-7-x86_64/root/var/lib/rpm/__db.002
DEBUG buildroot.py:728:  nuke_rpm_db: removing /var/lib/mock/centos+epel-7-x86_64/root/var/lib/rpm/__db.003
DEBUG file_util.py:17:  ensuring that dir exists: /var/lib/mock/centos+epel-7-x86_64-bootstrap/root/var/lib/mock/centos+epel-7-x86_64/root
DEBUG util.py:717:  child environment: None
DEBUG util.py:636:  Executing command: ['/bin/mount', '-n', '-t', 'tmpfs', '-o', 'private,mode=0755', 'tmpfs', '/var/lib/mock/centos+epel-7-x86_64-bootstrap/root/var/lib/mock/centos+epel-7-x86_64/root'] with env {'TERM': 'vt100', 'SHELL': '/bin/sh', 'HOME': '/builddir', 'HOSTNAME': 'mock', 'PATH': '/usr/bin:/bin:/usr/sbin:/sbin', 'LANG': 'C.UTF-8'} and shell False
DEBUG util.py:688:  Child return code was: 0
DEBUG file_util.py:17:  ensuring that dir exists: /var/lib/mock/centos+epel-7-x86_64-bootstrap/root/var/lib/mock/centos+epel-7-x86_64/root
DEBUG util.py:717:  child environment: None
DEBUG util.py:636:  Executing command: ['/bin/mount', '-n', '-o', 'rbind', '/var/lib/mock/centos+epel-7-x86_64/root', '/var/lib/mock/centos+epel-7-x86_64-bootstrap/root/var/lib/mock/centos+epel-7-x86_64/root'] with env {'TERM': 'vt100', 'SHELL': '/bin/sh', 'HOME': '/builddir', 'HOSTNAME': 'mock', 'PATH': '/usr/bin:/bin:/usr/sbin:/sbin', 'LANG': 'C.UTF-8'} and shell False
DEBUG util.py:688:  Child return code was: 0
DEBUG util.py:717:  child environment: None
DEBUG util.py:636:  Executing command: ['/bin/mount', '-n', '-o', 'remount,private,rbind', '--target', '/var/lib/mock/centos+epel-7-x86_64-bootstrap/root/var/lib/mock/centos+epel-7-x86_64/root'] with env {'TERM': 'vt100', 'SHELL': '/bin/sh', 'HOME': '/builddir', 'HOSTNAME': 'mock', 'PATH': '/usr/bin:/bin:/usr/sbin:/sbin', 'LANG': 'C.UTF-8'} and shell False
DEBUG util.py:688:  Child return code was: 0
DEBUG util.py:717:  child environment: None
DEBUG util.py:631:  Using nspawn with args ['--capability=cap_ipc_lock', '--resolv-conf=off']
DEBUG util.py:636:  Executing command: ['/usr/bin/systemd-nspawn', '-q', '-M', '959739072008416e9bfbb4768ec802ce', '-D', '/var/lib/mock/centos+epel-7-x86_64-bootstrap/root', '-a', '--capability=cap_ipc_lock', '--resolv-conf=off', '--setenv=TERM=vt100', '--setenv=SHELL=/bin/bash', '--setenv=HOME=/builddir', '--setenv=HOSTNAME=mock', '--setenv=PATH=/usr/bin:/bin:/usr/sbin:/sbin', '--setenv=PROMPT_COMMAND=printf "\\033]0;<mock-chroot>\\007"', '--setenv=PS1=<mock-chroot> \\s-\\v\\$ ', '--setenv=LANG=C.UTF-8', '/bin/rpm', '-qa', '--root', '/var/lib/mock/centos+epel-7-x86_64/root'] with env {'TERM': 'vt100', 'SHELL': '/bin/bash', 'HOME': '/builddir', 'HOSTNAME': 'mock', 'PATH': '/usr/bin:/bin:/usr/sbin:/sbin', 'PROMPT_COMMAND': 'printf "\\033]0;<mock-chroot>\\007"', 'PS1': '<mock-chroot> \\s-\\v\\$ ', 'LANG': 'C.UTF-8', 'SYSTEMD_NSPAWN_TMPFS_TMP': '0', 'SYSTEMD_SECCOMP': '0'} and shell False
DEBUG util.py:537:  gpg-pubkey-352c64e5-52ae6884
DEBUG util.py:537:  centos-release-7-9.2009.2.el7.centos.x86_64
DEBUG util.py:537:  filesystem-3.2-25.el7.x86_64
DEBUG util.py:537:  python-rpm-macros-3-34.el7.noarch
DEBUG util.py:537:  ncurses-base-5.9-14.20130511.el7_4.noarch
DEBUG util.py:537:  kernel-headers-3.10.0-1160.119.1.el7.x86_64
DEBUG util.py:537:  nss-softokn-freebl-3.90.0-6.el7_9.x86_64
DEBUG util.py:537:  glibc-2.17-326.el7_9.3.x86_64
DEBUG util.py:537:  nss-util-3.90.0-1.el7_9.x86_64
DEBUG util.py:537:  ncurses-libs-5.9-14.20130511.el7_4.x86_64
DEBUG util.py:537:  libsepol-2.5-10.el7.x86_64
DEBUG util.py:537:  libselinux-2.5-15.el7.x86_64
DEBUG util.py:537:  info-5.1-5.el7.x86_64
DEBUG util.py:537:  xz-libs-5.2.2-2.el7_9.x86_64
DEBUG util.py:537:  libdb-5.3.21-25.el7.x86_64
DEBUG util.py:537:  gmp-6.0.0-15.el7.x86_64
DEBUG util.py:537:  libattr-2.4.46-13.el7.x86_64
DEBUG util.py:537:  libcap-2.22-11.el7.x86_64
DEBUG util.py:537:  libgpg-error-1.12-3.el7.x86_64
DEBUG util.py:537:  lua-5.1.4-15.el7.x86_64
DEBUG util.py:537:  mpfr-3.1.1-4.el7.x86_64
DEBUG util.py:537:  libffi-3.0.13-19.el7.x86_64
DEBUG util.py:537:  libcom_err-1.42.9-19.el7.x86_64
DEBUG util.py:537:  xz-5.2.2-2.el7_9.x86_64
DEBUG util.py:537:  findutils-4.5.11-6.el7.x86_64
DEBUG util.py:537:  cpio-2.11-28.el7.x86_64
DEBUG util.py:537:  expat-2.1.0-15.el7_9.x86_64
DEBUG util.py:537:  audit-libs-2.8.5-4.el7.x86_64
DEBUG util.py:537:  sqlite-3.7.17-8.el7_7.1.x86_64
DEBUG util.py:537:  tar-1.26-35.el7.x86_64
DEBUG util.py:537:  lz4-1.8.3-1.el7.x86_64
DEBUG util.py:537:  cpp-4.8.5-44.el7.x86_64
DEBUG util.py:537:  libassuan-2.1.0-3.el7.x86_64
DEBUG util.py:537:  patch-2.7.1-12.el7_7.x86_64
DEBUG util.py:537:  perl-parent-0.225-244.el7.noarch
DEBUG util.py:537:  perl-podlators-2.5.1-3.el7.noarch
DEBUG util.py:537:  perl-Pod-Escapes-1.04-299.el7_9.noarch
DEBUG util.py:537:  perl-Encode-2.51-7.el7.x86_64
DEBUG util.py:537:  perl-Time-HiRes-1.9725-3.el7.x86_64
DEBUG util.py:537:  perl-Storable-2.45-3.el7.x86_64
DEBUG util.py:537:  perl-Filter-1.49-3.el7.x86_64
DEBUG util.py:537:  perl-constant-1.27-2.el7.noarch
DEBUG util.py:537:  perl-macros-5.16.3-299.el7_9.x86_64
DEBUG util.py:537:  perl-File-Path-2.09-2.el7.noarch
DEBUG util.py:537:  perl-PathTools-3.40-5.el7.x86_64
DEBUG util.py:537:  perl-Scalar-List-Utils-1.27-248.el7.x86_64
DEBUG util.py:537:  perl-Pod-Simple-3.28-4.el7.noarch
DEBUG util.py:537:  perl-5.16.3-299.el7_9.x86_64
DEBUG util.py:537:  libdb-utils-5.3.21-25.el7.x86_64
DEBUG util.py:537:  kmod-libs-20-28.el7.x86_64
DEBUG util.py:537:  bzip2-1.0.6-13.el7.x86_64
DEBUG util.py:537:  zip-3.0-11.el7.x86_64
DEBUG util.py:537:  libgomp-4.8.5-44.el7.x86_64
DEBUG util.py:537:  glibc-devel-2.17-326.el7_9.3.x86_64
DEBUG util.py:537:  libstdc++-devel-4.8.5-44.el7.x86_64
DEBUG util.py:537:  libsmartcols-2.23.2-65.el7_9.1.x86_64
DEBUG util.py:537:  libsemanage-2.5-14.el7.x86_64
DEBUG util.py:537:  libtasn1-4.10-1.el7.x86_64
DEBUG util.py:537:  ca-certificates-2023.2.60_v7.0.306-72.el7_9.noarch
DEBUG util.py:537:  qrencode-libs-3.4.1-3.el7.x86_64
DEBUG util.py:537:  openssl-libs-1.0.2k-26.el7_9.x86_64
DEBUG util.py:537:  krb5-libs-1.15.1-55.el7_9.x86_64
DEBUG util.py:537:  gzip-1.5-11.el7_9.x86_64
DEBUG util.py:537:  libmount-2.23.2-65.el7_9.1.x86_64
DEBUG util.py:537:  shared-mime-info-1.8-5.el7.x86_64
DEBUG util.py:537:  shadow-utils-4.6-5.el7.x86_64
DEBUG util.py:537:  cracklib-dicts-2.9.0-11.el7.x86_64
DEBUG util.py:537:  libpwquality-1.2.3-5.el7.x86_64
DEBUG util.py:537:  gcc-4.8.5-44.el7.x86_64
DEBUG util.py:537:  nss-pem-1.0.3-7.el7_9.1.x86_64
DEBUG util.py:537:  nss-sysinit-3.90.0-2.el7_9.x86_64
DEBUG util.py:537:  python-libs-2.7.5-94.el7_9.x86_64
DEBUG util.py:537:  libssh2-1.8.0-4.el7_9.1.x86_64
DEBUG util.py:537:  curl-7.29.0-59.el7_9.2.x86_64
DEBUG util.py:537:  rpm-4.11.3-48.el7_9.x86_64
DEBUG util.py:537:  libuser-0.60-9.el7.x86_64
DEBUG util.py:537:  rpm-build-libs-4.11.3-48.el7_9.x86_64
DEBUG util.py:537:  lua-srpm-macros-1-13.el7.noarch
DEBUG util.py:537:  json-c-0.11-4.el7_0.x86_64
DEBUG util.py:537:  procps-ng-3.3.10-28.el7.x86_64
DEBUG util.py:537:  kpartx-0.4.9-136.el7_9.x86_64
DEBUG util.py:537:  cryptsetup-libs-2.0.3-6.el7.x86_64
DEBUG util.py:537:  kmod-20-28.el7.x86_64
DEBUG util.py:537:  systemd-libs-219-78.el7_9.9.x86_64
DEBUG util.py:537:  systemd-219-78.el7_9.9.x86_64
DEBUG util.py:537:  elfutils-default-yama-scope-0.176-5.el7.noarch
DEBUG util.py:537:  python2-rpm-macros-3-34.el7.noarch
DEBUG util.py:537:  rpm-build-4.11.3-48.el7_9.x86_64
DEBUG util.py:537:  make-3.82-24.el7.x86_64
DEBUG util.py:537:  epel-release-7-14.noarch
DEBUG util.py:537:  gpg-pubkey-f4a80eb5-53a7ff4b
DEBUG util.py:537:  libgcc-4.8.5-44.el7.x86_64
DEBUG util.py:537:  setup-2.8.71-11.el7.noarch
DEBUG util.py:537:  python-srpm-macros-3-34.el7.noarch
DEBUG util.py:537:  basesystem-10.0-7.el7.centos.noarch
DEBUG util.py:537:  perl-srpm-macros-1-8.el7.noarch
DEBUG util.py:537:  tzdata-2024a-1.el7.noarch
DEBUG util.py:537:  glibc-common-2.17-326.el7_9.3.x86_64
DEBUG util.py:537:  nspr-4.35.0-1.el7_9.x86_64
DEBUG util.py:537:  libstdc++-4.8.5-44.el7.x86_64
DEBUG util.py:537:  bash-4.2.46-35.el7_9.x86_64
DEBUG util.py:537:  pcre-8.32-17.el7.x86_64
DEBUG util.py:537:  zlib-1.2.7-21.el7_9.x86_64
DEBUG util.py:537:  bzip2-libs-1.0.6-13.el7.x86_64
DEBUG util.py:537:  elfutils-libelf-0.176-5.el7.x86_64
DEBUG util.py:537:  sed-4.2.2-7.el7.x86_64
DEBUG util.py:537:  popt-1.13-16.el7.x86_64
DEBUG util.py:537:  libacl-2.2.51-15.el7.x86_64
DEBUG util.py:537:  readline-6.2-11.el7.x86_64
DEBUG util.py:537:  libgcrypt-1.5.3-14.el7.x86_64
DEBUG util.py:537:  chkconfig-1.7.6-1.el7.x86_64
DEBUG util.py:537:  grep-2.20-3.el7.x86_64
DEBUG util.py:537:  libuuid-2.23.2-65.el7_9.1.x86_64
DEBUG util.py:537:  libmpc-1.0.1-3.el7.x86_64
DEBUG util.py:537:  gawk-4.0.2-4.el7_3.1.x86_64
DEBUG util.py:537:  diffutils-3.3-6.el7_9.x86_64
DEBUG util.py:537:  file-libs-5.11-37.el7.x86_64
DEBUG util.py:537:  libcap-ng-0.7.5-4.el7.x86_64
DEBUG util.py:537:  p11-kit-0.23.5-3.el7.x86_64
DEBUG util.py:537:  nss-softokn-3.90.0-6.el7_9.x86_64
DEBUG util.py:537:  gdbm-1.10-8.el7.x86_64
DEBUG util.py:537:  file-5.11-37.el7.x86_64
DEBUG util.py:537:  pinentry-0.8.1-17.el7.x86_64
DEBUG util.py:537:  acl-2.2.51-15.el7.x86_64
DEBUG util.py:537:  groff-base-1.22.2-8.el7.x86_64
DEBUG util.py:537:  perl-HTTP-Tiny-0.033-3.el7.noarch
DEBUG util.py:537:  perl-Pod-Perldoc-3.20-4.el7.noarch
DEBUG util.py:537:  perl-Text-ParseWords-3.29-4.el7.noarch
DEBUG util.py:537:  perl-Pod-Usage-1.63-3.el7.noarch
DEBUG util.py:537:  perl-threads-1.87-4.el7.x86_64
DEBUG util.py:537:  perl-Carp-1.26-244.el7.noarch
DEBUG util.py:537:  perl-Exporter-5.68-3.el7.noarch
DEBUG util.py:537:  perl-Socket-2.010-5.el7.x86_64
DEBUG util.py:537:  perl-Time-Local-1.2300-2.el7.noarch
DEBUG util.py:537:  perl-File-Temp-0.23.01-3.el7.noarch
DEBUG util.py:537:  perl-threads-shared-1.43-6.el7.x86_64
DEBUG util.py:537:  perl-libs-5.16.3-299.el7_9.x86_64
DEBUG util.py:537:  perl-Getopt-Long-2.40-3.el7.noarch
DEBUG util.py:537:  perl-Thread-Queue-3.02-2.el7.noarch
DEBUG util.py:537:  dwz-0.11-3.el7.x86_64
DEBUG util.py:537:  libxml2-2.9.1-6.el7_9.6.x86_64
DEBUG util.py:537:  unzip-6.0-24.el7_9.x86_64
DEBUG util.py:537:  libidn-1.28-4.el7.x86_64
DEBUG util.py:537:  glibc-headers-2.17-326.el7_9.3.x86_64
DEBUG util.py:537:  ncurses-5.9-14.20130511.el7_4.x86_64
DEBUG util.py:537:  pth-2.0.7-23.el7.x86_64
DEBUG util.py:537:  ustr-1.0.4-16.el7.x86_64
DEBUG util.py:537:  libverto-0.2.5-4.el7.x86_64
DEBUG util.py:537:  p11-kit-trust-0.23.5-3.el7.x86_64
DEBUG util.py:537:  hardlink-1.0-19.el7.x86_64
DEBUG util.py:537:  keyutils-libs-1.5.8-3.el7.x86_64
DEBUG util.py:537:  coreutils-8.22-24.el7_9.2.x86_64
DEBUG util.py:537:  libblkid-2.23.2-65.el7_9.1.x86_64
DEBUG util.py:537:  cracklib-2.9.0-11.el7.x86_64
DEBUG util.py:537:  glib2-2.56.1-9.el7_9.x86_64
DEBUG util.py:537:  binutils-2.27-44.base.el7_9.1.x86_64
DEBUG util.py:537:  pkgconfig-0.27.1-4.el7.x86_64
DEBUG util.py:537:  pam-1.1.8-23.el7.x86_64
DEBUG util.py:537:  libutempter-1.1.6-4.el7.x86_64
DEBUG util.py:537:  cyrus-sasl-lib-2.1.26-24.el7_9.x86_64
DEBUG util.py:537:  nss-3.90.0-2.el7_9.x86_64
DEBUG util.py:537:  nss-tools-3.90.0-2.el7_9.x86_64
DEBUG util.py:537:  gdb-7.6.1-120.el7.x86_64
DEBUG util.py:537:  libcurl-7.29.0-59.el7_9.2.x86_64
DEBUG util.py:537:  rpm-libs-4.11.3-48.el7_9.x86_64
DEBUG util.py:537:  openldap-2.4.44-25.el7_9.x86_64
DEBUG util.py:537:  gnupg2-2.0.22-5.el7_5.x86_64
DEBUG util.py:537:  perl-generators-epel-1-1.el7.noarch
DEBUG util.py:537:  redhat-rpm-config-9.1.0-88.el7.centos.noarch
DEBUG util.py:537:  util-linux-2.23.2-65.el7_9.1.x86_64
DEBUG util.py:537:  device-mapper-1.02.170-6.el7_9.5.x86_64
DEBUG util.py:537:  device-mapper-libs-1.02.170-6.el7_9.5.x86_64
DEBUG util.py:537:  dracut-033-572.el7.x86_64
DEBUG util.py:537:  elfutils-libs-0.176-5.el7.x86_64
DEBUG util.py:537:  dbus-libs-1.10.24-15.el7.x86_64
DEBUG util.py:537:  dbus-1.10.24-15.el7.x86_64
DEBUG util.py:537:  elfutils-0.176-5.el7.x86_64
DEBUG util.py:537:  epel-rpm-macros-7-38.noarch
DEBUG util.py:537:  gcc-c++-4.8.5-44.el7.x86_64
DEBUG util.py:537:  which-2.20-7.el7.x86_64
DEBUG util.py:688:  Child return code was: 0
DEBUG util.py:200:  kill orphans in chroot /var/lib/mock/centos+epel-7-x86_64/root
DEBUG util.py:200:  kill orphans in chroot /var/lib/mock/centos+epel-7-x86_64-bootstrap/root/var/lib/mock/centos+epel-7-x86_64/root
DEBUG util.py:717:  child environment: None
DEBUG util.py:636:  Executing command: ['/bin/umount', '-n', '-l', '/var/lib/mock/centos+epel-7-x86_64-bootstrap/root/var/lib/mock/centos+epel-7-x86_64/root'] with env {'TERM': 'vt100', 'SHELL': '/bin/sh', 'HOME': '/builddir', 'HOSTNAME': 'mock', 'PATH': '/usr/bin:/bin:/usr/sbin:/sbin', 'LANG': 'C.UTF-8'} and shell False
DEBUG util.py:688:  Child return code was: 0
DEBUG util.py:717:  child environment: None
DEBUG util.py:636:  Executing command: ['/bin/umount', '-n', '-l', '/var/lib/mock/centos+epel-7-x86_64-bootstrap/root/var/lib/mock/centos+epel-7-x86_64/root'] with env {'TERM': 'vt100', 'SHELL': '/bin/sh', 'HOME': '/builddir', 'HOSTNAME': 'mock', 'PATH': '/usr/bin:/bin:/usr/sbin:/sbin', 'LANG': 'C.UTF-8'} and shell False
DEBUG util.py:688:  Child return code was: 0
DEBUG util.py:717:  child environment: None
DEBUG util.py:631:  Using nspawn with args ['--capability=cap_ipc_lock', '--bind=/dev/mapper/control', '--bind=/dev/fuse', '--bind=/dev/loop-control', '--bind=/dev/loop0', '--bind=/dev/loop1', '--bind=/dev/loop2', '--bind=/dev/loop3', '--bind=/dev/loop4', '--bind=/dev/loop5', '--bind=/dev/loop6', '--bind=/dev/loop7', '--bind=/dev/loop8', '--bind=/dev/loop9', '--bind=/dev/loop10', '--bind=/dev/loop11', '--resolv-conf=off']
DEBUG util.py:636:  Executing command: ['/usr/bin/systemd-nspawn', '-q', '-M', '305d1090c29d4c0cb7cd65ac0dd593b9', '-D', '/var/lib/mock/centos+epel-7-x86_64/root', '-a', '--capability=cap_ipc_lock', '--bind=/dev/mapper/control', '--bind=/dev/fuse', '--bind=/dev/loop-control', '--bind=/dev/loop0', '--bind=/dev/loop1', '--bind=/dev/loop2', '--bind=/dev/loop3', '--bind=/dev/loop4', '--bind=/dev/loop5', '--bind=/dev/loop6', '--bind=/dev/loop7', '--bind=/dev/loop8', '--bind=/dev/loop9', '--bind=/dev/loop10', '--bind=/dev/loop11', '--resolv-conf=off', '--setenv=TERM=vt100', '--setenv=SHELL=/bin/bash', '--setenv=HOME=/builddir', '--setenv=HOSTNAME=mock', '--setenv=PATH=/usr/bin:/bin:/usr/sbin:/sbin', '--setenv=PROMPT_COMMAND=printf "\\033]0;<mock-chroot>\\007"', '--setenv=PS1=<mock-chroot> \\s-\\v\\$ ', '--setenv=LANG=C.UTF-8', '/bin/sh', '-c', 'rpmbuild --help'] with env {'TERM': 'vt100', 'SHELL': '/bin/bash', 'HOME': '/builddir', 'HOSTNAME': 'mock', 'PATH': '/usr/bin:/bin:/usr/sbin:/sbin', 'PROMPT_COMMAND': 'printf "\\033]0;<mock-chroot>\\007"', 'PS1': '<mock-chroot> \\s-\\v\\$ ', 'LANG': 'C.UTF-8', 'SYSTEMD_NSPAWN_TMPFS_TMP': '0', 'SYSTEMD_SECCOMP': '0'} and shell False
DEBUG util.py:537:  Usage: rpmbuild [OPTION...]
DEBUG util.py:537:  Build options with [ <specfile> | <tarball> | <source package> ]:
DEBUG util.py:537:    -bp                           build through %prep (unpack sources and apply
DEBUG util.py:537:                                  patches) from <specfile>
DEBUG util.py:537:    -bc                           build through %build (%prep, then compile)
DEBUG util.py:537:                                  from <specfile>
DEBUG util.py:537:    -bi                           build through %install (%prep, %build, then
DEBUG util.py:537:                                  install) from <specfile>
DEBUG util.py:537:    -bl                           verify %files section from <specfile>
DEBUG util.py:537:    -ba                           build source and binary packages from
DEBUG util.py:537:                                  <specfile>
DEBUG util.py:537:    -bb                           build binary package only from <specfile>
DEBUG util.py:537:    -bs                           build source package only from <specfile>
DEBUG util.py:537:    -tp                           build through %prep (unpack sources and apply
DEBUG util.py:537:                                  patches) from <tarball>
DEBUG util.py:537:    -tc                           build through %build (%prep, then compile)
DEBUG util.py:537:                                  from <tarball>
DEBUG util.py:537:    -ti                           build through %install (%prep, %build, then
DEBUG util.py:537:                                  install) from <tarball>
DEBUG util.py:537:    -ta                           build source and binary packages from <tarball>
DEBUG util.py:537:    -tb                           build binary package only from <tarball>
DEBUG util.py:537:    -ts                           build source package only from <tarball>
DEBUG util.py:537:    --rebuild                     build binary package from <source package>
DEBUG util.py:537:    --recompile                   build through %install (%prep, %build, then
DEBUG util.py:537:                                  install) from <source package>
DEBUG util.py:537:    --buildroot=DIRECTORY         override build root
DEBUG util.py:537:    --clean                       remove build tree when done
DEBUG util.py:537:    --nobuild                     do not execute any stages of the build
DEBUG util.py:537:    --nodeps                      do not verify build dependencies
DEBUG util.py:537:    --nodirtokens                 generate package header(s) compatible with
DEBUG util.py:537:                                  (legacy) rpm v3 packaging
DEBUG util.py:537:    --noclean                     do not execute %clean stage of the build
DEBUG util.py:537:    --nocheck                     do not execute %check stage of the build
DEBUG util.py:537:    --rmsource                    remove sources when done
DEBUG util.py:537:    --rmspec                      remove specfile when done
DEBUG util.py:537:    --short-circuit               skip straight to specified stage (only for c,i)
DEBUG util.py:537:    --target=CPU-VENDOR-OS        override target platform
DEBUG util.py:537:  Common options for all rpm modes and executables:
DEBUG util.py:537:    -D, --define='MACRO EXPR'     define MACRO with value EXPR
DEBUG util.py:537:    --undefine=MACRO              undefine MACRO
DEBUG util.py:537:    -E, --eval='EXPR'             print macro expansion of EXPR
DEBUG util.py:537:    --macros=<FILE:...>           read <FILE:...> instead of default file(s)
DEBUG util.py:537:    --noplugins                   don't enable any plugins
DEBUG util.py:537:    --nodigest                    don't verify package digest(s)
DEBUG util.py:537:    --nosignature                 don't verify package signature(s)
DEBUG util.py:537:    --rcfile=<FILE:...>           read <FILE:...> instead of default file(s)
DEBUG util.py:537:    -r, --root=ROOT               use ROOT as top level directory (default: "/")
DEBUG util.py:537:    --dbpath=DIRECTORY            use database in DIRECTORY
DEBUG util.py:537:    --querytags                   display known query tags
DEBUG util.py:537:    --showrc                      display final rpmrc and macro configuration
DEBUG util.py:537:    --quiet                       provide less detailed output
DEBUG util.py:537:    -v, --verbose                 provide more detailed output
DEBUG util.py:537:    --version                     print the version of rpm being used
DEBUG util.py:537:  Options implemented via popt alias/exec:
DEBUG util.py:537:    --with=<option>               enable configure <option> for build
DEBUG util.py:537:    --without=<option>            disable configure <option> for build
DEBUG util.py:537:    --buildpolicy=<policy>        set buildroot <policy> (e.g. compress man
DEBUG util.py:537:                                  pages)
DEBUG util.py:537:    --sign                        generate GPG signature (deprecated, use
DEBUG util.py:537:                                  command rpmsign instead)
DEBUG util.py:537:  Help options:
DEBUG util.py:537:    -?, --help                    Show this help message
DEBUG util.py:537:    --usage                       Display brief usage message
DEBUG util.py:688:  Child return code was: 0
DEBUG util.py:717:  child environment: None
DEBUG file_util.py:17:  ensuring that dir exists: /var/lib/mock/centos+epel-7-x86_64/root/proc
DEBUG util.py:717:  child environment: None
DEBUG util.py:636:  Executing command: ['/bin/mount', '-n', '-t', 'tmpfs', '-o', 'rprivate,mode=0755', 'tmpfs', '/var/lib/mock/centos+epel-7-x86_64/root/proc'] with env {'TERM': 'vt100', 'SHELL': '/bin/sh', 'HOME': '/builddir', 'HOSTNAME': 'mock', 'PATH': '/usr/bin:/bin:/usr/sbin:/sbin', 'LANG': 'C.UTF-8'} and shell False
DEBUG util.py:688:  Child return code was: 0
DEBUG file_util.py:17:  ensuring that dir exists: /var/lib/mock/centos+epel-7-x86_64/root/proc
DEBUG util.py:717:  child environment: None
DEBUG util.py:636:  Executing command: ['/bin/mount', '-n', '-o', 'rbind', '/proc', '/var/lib/mock/centos+epel-7-x86_64/root/proc'] with env {'TERM': 'vt100', 'SHELL': '/bin/sh', 'HOME': '/builddir', 'HOSTNAME': 'mock', 'PATH': '/usr/bin:/bin:/usr/sbin:/sbin', 'LANG': 'C.UTF-8'} and shell False
DEBUG util.py:688:  Child return code was: 0
DEBUG util.py:717:  child environment: None
DEBUG util.py:636:  Executing command: ['/bin/mount', '-n', '-o', 'remount,nodev,noexec,nosuid,readonly,rprivate,rbind', '--target', '/var/lib/mock/centos+epel-7-x86_64/root/proc'] with env {'TERM': 'vt100', 'SHELL': '/bin/sh', 'HOME': '/builddir', 'HOSTNAME': 'mock', 'PATH': '/usr/bin:/bin:/usr/sbin:/sbin', 'LANG': 'C.UTF-8'} and shell False
DEBUG util.py:688:  Child return code was: 0
DEBUG file_util.py:17:  ensuring that dir exists: /var/lib/mock/centos+epel-7-x86_64/root/sys
DEBUG util.py:717:  child environment: None
DEBUG util.py:636:  Executing command: ['/bin/mount', '-n', '-t', 'tmpfs', '-o', 'rprivate,mode=0755', 'tmpfs', '/var/lib/mock/centos+epel-7-x86_64/root/sys'] with env {'TERM': 'vt100', 'SHELL': '/bin/sh', 'HOME': '/builddir', 'HOSTNAME': 'mock', 'PATH': '/usr/bin:/bin:/usr/sbin:/sbin', 'LANG': 'C.UTF-8'} and shell False
DEBUG util.py:688:  Child return code was: 0
DEBUG file_util.py:17:  ensuring that dir exists: /var/lib/mock/centos+epel-7-x86_64/root/sys
DEBUG util.py:717:  child environment: None
DEBUG util.py:636:  Executing command: ['/bin/mount', '-n', '-o', 'rbind', '/sys', '/var/lib/mock/centos+epel-7-x86_64/root/sys'] with env {'TERM': 'vt100', 'SHELL': '/bin/sh', 'HOME': '/builddir', 'HOSTNAME': 'mock', 'PATH': '/usr/bin:/bin:/usr/sbin:/sbin', 'LANG': 'C.UTF-8'} and shell False
DEBUG util.py:688:  Child return code was: 0
DEBUG util.py:717:  child environment: None
DEBUG util.py:636:  Executing command: ['/bin/mount', '-n', '-o', 'remount,nodev,noexec,nosuid,readonly,rprivate,rbind', '--target', '/var/lib/mock/centos+epel-7-x86_64/root/sys'] with env {'TERM': 'vt100', 'SHELL': '/bin/sh', 'HOME': '/builddir', 'HOSTNAME': 'mock', 'PATH': '/usr/bin:/bin:/usr/sbin:/sbin', 'LANG': 'C.UTF-8'} and shell False
DEBUG util.py:688:  Child return code was: 0
DEBUG file_util.py:17:  ensuring that dir exists: /var/lib/mock/centos+epel-7-x86_64/root/dev/shm
DEBUG util.py:717:  child environment: None
DEBUG util.py:636:  Executing command: ['/bin/mount', '-n', '-t', 'tmpfs', 'tmpfs', '/var/lib/mock/centos+epel-7-x86_64/root/dev/shm'] with env {'TERM': 'vt100', 'SHELL': '/bin/sh', 'HOME': '/builddir', 'HOSTNAME': 'mock', 'PATH': '/usr/bin:/bin:/usr/sbin:/sbin', 'LANG': 'C.UTF-8'} and shell False
DEBUG util.py:688:  Child return code was: 0
DEBUG file_util.py:17:  ensuring that dir exists: /var/lib/mock/centos+epel-7-x86_64/root/dev/pts
DEBUG util.py:717:  child environment: None
DEBUG util.py:636:  Executing command: ['/bin/mount', '-n', '-t', 'devpts', '-o', 'gid=5,mode=0620,ptmxmode=0666,newinstance', 'devpts', '/var/lib/mock/centos+epel-7-x86_64/root/dev/pts'] with env {'TERM': 'vt100', 'SHELL': '/bin/sh', 'HOME': '/builddir', 'HOSTNAME': 'mock', 'PATH': '/usr/bin:/bin:/usr/sbin:/sbin', 'LANG': 'C.UTF-8'} and shell False
DEBUG util.py:688:  Child return code was: 0
DEBUG util.py:717:  child environment: None
DEBUG util.py:636:  Executing command: ['/bin/mount', '-n', '-o', 'bind', '/tmp/mock-selinux-plugin.as01j8_v', '/var/lib/mock/centos+epel-7-x86_64/root/proc/filesystems'] with env {'TERM': 'vt100', 'SHELL': '/bin/sh', 'HOME': '/builddir', 'HOSTNAME': 'mock', 'PATH': '/usr/bin:/bin:/usr/sbin:/sbin', 'LANG': 'C.UTF-8'} and shell False
DEBUG util.py:688:  Child return code was: 0
DEBUG file_util.py:17:  ensuring that dir exists: /var/lib/mock/centos+epel-7-x86_64/root/sys/fs/selinux
DEBUG util.py:717:  child environment: None
DEBUG util.py:636:  Executing command: ['/bin/mount', '-n', '-t', 'tmpfs', 'tmpfs', '/var/lib/mock/centos+epel-7-x86_64/root/sys/fs/selinux'] with env {'TERM': 'vt100', 'SHELL': '/bin/sh', 'HOME': '/builddir', 'HOSTNAME': 'mock', 'PATH': '/usr/bin:/bin:/usr/sbin:/sbin', 'LANG': 'C.UTF-8'} and shell False
DEBUG util.py:688:  Child return code was: 0
DEBUG file_util.py:17:  ensuring that dir exists: /var/lib/mock/centos+epel-7-x86_64-bootstrap/root/var/lib/mock/centos+epel-7-x86_64/root
DEBUG util.py:717:  child environment: None
DEBUG util.py:636:  Executing command: ['/bin/mount', '-n', '-t', 'tmpfs', '-o', 'private,mode=0755', 'tmpfs', '/var/lib/mock/centos+epel-7-x86_64-bootstrap/root/var/lib/mock/centos+epel-7-x86_64/root'] with env {'TERM': 'vt100', 'SHELL': '/bin/sh', 'HOME': '/builddir', 'HOSTNAME': 'mock', 'PATH': '/usr/bin:/bin:/usr/sbin:/sbin', 'LANG': 'C.UTF-8'} and shell False
DEBUG util.py:688:  Child return code was: 0
DEBUG file_util.py:17:  ensuring that dir exists: /var/lib/mock/centos+epel-7-x86_64-bootstrap/root/var/lib/mock/centos+epel-7-x86_64/root
DEBUG util.py:717:  child environment: None
DEBUG util.py:636:  Executing command: ['/bin/mount', '-n', '-o', 'rbind', '/var/lib/mock/centos+epel-7-x86_64/root', '/var/lib/mock/centos+epel-7-x86_64-bootstrap/root/var/lib/mock/centos+epel-7-x86_64/root'] with env {'TERM': 'vt100', 'SHELL': '/bin/sh', 'HOME': '/builddir', 'HOSTNAME': 'mock', 'PATH': '/usr/bin:/bin:/usr/sbin:/sbin', 'LANG': 'C.UTF-8'} and shell False
DEBUG util.py:688:  Child return code was: 0
DEBUG util.py:717:  child environment: None
DEBUG util.py:636:  Executing command: ['/bin/mount', '-n', '-o', 'remount,private,rbind', '--target', '/var/lib/mock/centos+epel-7-x86_64-bootstrap/root/var/lib/mock/centos+epel-7-x86_64/root'] with env {'TERM': 'vt100', 'SHELL': '/bin/sh', 'HOME': '/builddir', 'HOSTNAME': 'mock', 'PATH': '/usr/bin:/bin:/usr/sbin:/sbin', 'LANG': 'C.UTF-8'} and shell False
DEBUG util.py:688:  Child return code was: 0
DEBUG file_util.py:17:  ensuring that dir exists: /var/lib/mock/centos+epel-7-x86_64/root/installation-homedir
DEBUG package_manager.py:296:  ['/usr/bin/yum-builddep', '--installroot', '/var/lib/mock/centos+epel-7-x86_64/root/', '--releasever', '7', '/var/lib/mock/centos+epel-7-x86_64/root//builddir/build/SRPMS/nginx-1.30.5-1.el7.redadmin.src.rpm']
DEBUG util.py:717:  child environment: None
DEBUG util.py:631:  Using nspawn with args ['--capability=cap_ipc_lock', '--resolv-conf=off']
DEBUG util.py:636:  Executing command: ['/usr/bin/systemd-nspawn', '-q', '-M', 'd55080eaca734807a19cb8cc012afa0f', '-D', '/var/lib/mock/centos+epel-7-x86_64-bootstrap/root', '-a', '--capability=cap_ipc_lock', '--resolv-conf=off', '--setenv=TERM=vt100', '--setenv=SHELL=/bin/bash', '--setenv=HOME=/var/lib/mock/centos+epel-7-x86_64/root/installation-homedir', '--setenv=HOSTNAME=mock', '--setenv=PATH=/usr/bin:/bin:/usr/sbin:/sbin', '--setenv=PROMPT_COMMAND=printf "\\033]0;<mock-chroot>\\007"', '--setenv=PS1=<mock-chroot> \\s-\\v\\$ ', '--setenv=LANG=C.UTF-8', '--setenv=LC_MESSAGES=C.UTF-8', '/usr/bin/yum-builddep', '--installroot', '/var/lib/mock/centos+epel-7-x86_64/root/', '--releasever', '7', '/var/lib/mock/centos+epel-7-x86_64/root//builddir/build/SRPMS/nginx-1.30.5-1.el7.redadmin.src.rpm', '--setopt=tsflags=nocontexts'] with env {'TERM': 'vt100', 'SHELL': '/bin/bash', 'HOME': '/var/lib/mock/centos+epel-7-x86_64/root/installation-homedir', 'HOSTNAME': 'mock', 'PATH': '/usr/bin:/bin:/usr/sbin:/sbin', 'PROMPT_COMMAND': 'printf "\\033]0;<mock-chroot>\\007"', 'PS1': '<mock-chroot> \\s-\\v\\$ ', 'LANG': 'C.UTF-8', 'LC_MESSAGES': 'C.UTF-8', 'SYSTEMD_NSPAWN_TMPFS_TMP': '0', 'SYSTEMD_SECCOMP': '0'} and shell False
DEBUG util.py:535:  Failed to set locale, defaulting to C
DEBUG util.py:537:  base                                                     | 3.6 kB     00:00     
DEBUG util.py:537:  centos-sclo-rh                                           | 3.0 kB     00:00     
DEBUG util.py:537:  centos-sclo-sclo                                         | 3.0 kB     00:00     
DEBUG util.py:537:  epel                                                     | 4.3 kB     00:00     
DEBUG util.py:537:  extras                                                   | 2.9 kB     00:00     
DEBUG util.py:537:  mock-localrepo                                           | 3.0 kB     00:00     
DEBUG util.py:537:  updates                                                  | 2.9 kB     00:00     
DEBUG util.py:537:  Getting requirements for 1:nginx-1.30.5-1.el7.redadmin.src
DEBUG util.py:537:   --> Already installed : systemd-219-78.el7_9.9.x86_64
DEBUG util.py:537:   --> 1:openssl-devel-1.0.2k-26.el7_9.x86_64
DEBUG util.py:537:   --> zlib-devel-1.2.7-21.el7_9.x86_64
DEBUG util.py:537:   --> pcre2-devel-10.23-2.el7.x86_64
DEBUG util.py:537:   --> Already installed : 4:perl-5.16.3-299.el7_9.x86_64
DEBUG util.py:537:   --> libzstd-devel-1.5.5-1.el7.x86_64
DEBUG util.py:537:   --> Already installed : 1:pkgconfig-0.27.1-4.el7.x86_64
DEBUG util.py:537:   --> perl-core-5.16.3-299.el7_9.x86_64
DEBUG util.py:537:   --> 1:perl-IPC-Cmd-0.80-4.el7.noarch
DEBUG util.py:537:   --> perl-Time-Piece-1.20.1-299.el7_9.x86_64
DEBUG util.py:537:   --> modsecurity-3.0.16-1.el7.x86_64
DEBUG util.py:537:  --> Running transaction check
DEBUG util.py:537:  ---> Package libzstd-devel.x86_64 0:1.5.5-1.el7 will be installed
DEBUG util.py:537:  --> Processing Dependency: libzstd(x86-64) = 1.5.5-1.el7 for package: libzstd-devel-1.5.5-1.el7.x86_64
DEBUG util.py:537:  --> Processing Dependency: libzstd.so.1()(64bit) for package: libzstd-devel-1.5.5-1.el7.x86_64
DEBUG util.py:537:  ---> Package modsecurity.x86_64 0:3.0.16-1.el7 will be installed
DEBUG util.py:537:  --> Processing Dependency: lmdb-libs for package: modsecurity-3.0.16-1.el7.x86_64
DEBUG util.py:537:  --> Processing Dependency: pcre2 for package: modsecurity-3.0.16-1.el7.x86_64
DEBUG util.py:537:  --> Processing Dependency: yajl for package: modsecurity-3.0.16-1.el7.x86_64
DEBUG util.py:537:  --> Processing Dependency: libpcre2-8.so.0()(64bit) for package: modsecurity-3.0.16-1.el7.x86_64
DEBUG util.py:537:  --> Processing Dependency: libyajl.so.2()(64bit) for package: modsecurity-3.0.16-1.el7.x86_64
DEBUG util.py:537:  ---> Package openssl-devel.x86_64 1:1.0.2k-26.el7_9 will be installed
DEBUG util.py:537:  --> Processing Dependency: krb5-devel(x86-64) for package: 1:openssl-devel-1.0.2k-26.el7_9.x86_64
DEBUG util.py:537:  ---> Package pcre2-devel.x86_64 0:10.23-2.el7 will be installed
DEBUG util.py:537:  --> Processing Dependency: pcre2-utf32(x86-64) = 10.23-2.el7 for package: pcre2-devel-10.23-2.el7.x86_64
DEBUG util.py:537:  --> Processing Dependency: pcre2-utf16(x86-64) = 10.23-2.el7 for package: pcre2-devel-10.23-2.el7.x86_64
DEBUG util.py:537:  --> Processing Dependency: libpcre2-32.so.0()(64bit) for package: pcre2-devel-10.23-2.el7.x86_64
DEBUG util.py:537:  --> Processing Dependency: libpcre2-16.so.0()(64bit) for package: pcre2-devel-10.23-2.el7.x86_64
DEBUG util.py:537:  ---> Package perl-IPC-Cmd.noarch 1:0.80-4.el7 will be installed
DEBUG util.py:537:  --> Processing Dependency: perl(Params::Check) >= 0.20 for package: 1:perl-IPC-Cmd-0.80-4.el7.noarch
DEBUG util.py:537:  --> Processing Dependency: perl(Module::Load::Conditional) for package: 1:perl-IPC-Cmd-0.80-4.el7.noarch
DEBUG util.py:537:  --> Processing Dependency: perl(Locale::Maketext::Simple) for package: 1:perl-IPC-Cmd-0.80-4.el7.noarch
DEBUG util.py:537:  --> Processing Dependency: perl(ExtUtils::MakeMaker) for package: 1:perl-IPC-Cmd-0.80-4.el7.noarch
DEBUG util.py:537:  ---> Package perl-Time-Piece.x86_64 0:1.20.1-299.el7_9 will be installed
DEBUG util.py:537:  ---> Package perl-core.x86_64 0:5.16.3-299.el7_9 will be installed
DEBUG util.py:537:  --> Processing Dependency: perl-devel = 4:5.16.3-299.el7_9 for package: perl-core-5.16.3-299.el7_9.x86_64
DEBUG util.py:537:  --> Processing Dependency: perl-version for package: perl-core-5.16.3-299.el7_9.x86_64
DEBUG util.py:537:  --> Processing Dependency: perl-autodie for package: perl-core-5.16.3-299.el7_9.x86_64
DEBUG util.py:537:  --> Processing Dependency: perl-Version-Requirements for package: perl-core-5.16.3-299.el7_9.x86_64
DEBUG util.py:537:  --> Processing Dependency: perl-Text-Soundex for package: perl-core-5.16.3-299.el7_9.x86_64
DEBUG util.py:537:  --> Processing Dependency: perl-Test-Simple for package: perl-core-5.16.3-299.el7_9.x86_64
DEBUG util.py:537:  --> Processing Dependency: perl-Test-Harness for package: perl-core-5.16.3-299.el7_9.x86_64
DEBUG util.py:537:  --> Processing Dependency: perl-Term-UI for package: perl-core-5.16.3-299.el7_9.x86_64
DEBUG util.py:537:  --> Processing Dependency: perl-Sys-Syslog for package: perl-core-5.16.3-299.el7_9.x86_64
DEBUG util.py:537:  --> Processing Dependency: perl-Pod-Parser for package: perl-core-5.16.3-299.el7_9.x86_64
DEBUG util.py:537:  --> Processing Dependency: perl-Pod-LaTeX for package: perl-core-5.16.3-299.el7_9.x86_64
DEBUG util.py:537:  --> Processing Dependency: perl-Pod-Checker for package: perl-core-5.16.3-299.el7_9.x86_64
DEBUG util.py:537:  --> Processing Dependency: perl-Perl-OSType for package: perl-core-5.16.3-299.el7_9.x86_64
DEBUG util.py:537:  --> Processing Dependency: perl-Parse-CPAN-Meta for package: perl-core-5.16.3-299.el7_9.x86_64
DEBUG util.py:537:  --> Processing Dependency: perl-Package-Constants for package: perl-core-5.16.3-299.el7_9.x86_64
DEBUG util.py:537:  --> Processing Dependency: perl-Object-Accessor for package: perl-core-5.16.3-299.el7_9.x86_64
DEBUG util.py:537:  --> Processing Dependency: perl-Module-Pluggable for package: perl-core-5.16.3-299.el7_9.x86_64
DEBUG util.py:537:  --> Processing Dependency: perl-Module-Metadata for package: perl-core-5.16.3-299.el7_9.x86_64
DEBUG util.py:537:  --> Processing Dependency: perl-Module-Loaded for package: perl-core-5.16.3-299.el7_9.x86_64
DEBUG util.py:537:  --> Processing Dependency: perl-Module-Load for package: perl-core-5.16.3-299.el7_9.x86_64
DEBUG util.py:537:  --> Processing Dependency: perl-Module-CoreList for package: perl-core-5.16.3-299.el7_9.x86_64
DEBUG util.py:537:  --> Processing Dependency: perl-Module-Build for package: perl-core-5.16.3-299.el7_9.x86_64
DEBUG util.py:537:  --> Processing Dependency: perl-Log-Message-Simple for package: perl-core-5.16.3-299.el7_9.x86_64
DEBUG util.py:537:  --> Processing Dependency: perl-Log-Message for package: perl-core-5.16.3-299.el7_9.x86_64
DEBUG util.py:537:  --> Processing Dependency: perl-Locale-Maketext for package: perl-core-5.16.3-299.el7_9.x86_64
DEBUG util.py:537:  --> Processing Dependency: perl-Locale-Codes for package: perl-core-5.16.3-299.el7_9.x86_64
DEBUG util.py:537:  --> Processing Dependency: perl-JSON-PP for package: perl-core-5.16.3-299.el7_9.x86_64
DEBUG util.py:537:  --> Processing Dependency: perl-IO-Zlib for package: perl-core-5.16.3-299.el7_9.x86_64
DEBUG util.py:537:  --> Processing Dependency: perl-IO-Compress for package: perl-core-5.16.3-299.el7_9.x86_64
DEBUG util.py:537:  --> Processing Dependency: perl-File-Fetch for package: perl-core-5.16.3-299.el7_9.x86_64
DEBUG util.py:537:  --> Processing Dependency: perl-File-CheckTree for package: perl-core-5.16.3-299.el7_9.x86_64
DEBUG util.py:537:  --> Processing Dependency: perl-ExtUtils-ParseXS for package: perl-core-5.16.3-299.el7_9.x86_64
DEBUG util.py:537:  --> Processing Dependency: perl-ExtUtils-Manifest for package: perl-core-5.16.3-299.el7_9.x86_64
DEBUG util.py:537:  --> Processing Dependency: perl-ExtUtils-Install for package: perl-core-5.16.3-299.el7_9.x86_64
DEBUG util.py:537:  --> Processing Dependency: perl-ExtUtils-Embed for package: perl-core-5.16.3-299.el7_9.x86_64
DEBUG util.py:537:  --> Processing Dependency: perl-ExtUtils-CBuilder for package: perl-core-5.16.3-299.el7_9.x86_64
DEBUG util.py:537:  --> Processing Dependency: perl-Env for package: perl-core-5.16.3-299.el7_9.x86_64
DEBUG util.py:537:  --> Processing Dependency: perl-Digest-SHA for package: perl-core-5.16.3-299.el7_9.x86_64
DEBUG util.py:537:  --> Processing Dependency: perl-Digest-MD5 for package: perl-core-5.16.3-299.el7_9.x86_64
DEBUG util.py:537:  --> Processing Dependency: perl-Digest for package: perl-core-5.16.3-299.el7_9.x86_64
DEBUG util.py:537:  --> Processing Dependency: perl-Data-Dumper for package: perl-core-5.16.3-299.el7_9.x86_64
DEBUG util.py:537:  --> Processing Dependency: perl-DB_File for package: perl-core-5.16.3-299.el7_9.x86_64
DEBUG util.py:537:  --> Processing Dependency: perl-Compress-Raw-Zlib for package: perl-core-5.16.3-299.el7_9.x86_64
DEBUG util.py:537:  --> Processing Dependency: perl-Compress-Raw-Bzip2 for package: perl-core-5.16.3-299.el7_9.x86_64
DEBUG util.py:537:  --> Processing Dependency: perl-CPANPLUS-Dist-Build for package: perl-core-5.16.3-299.el7_9.x86_64
DEBUG util.py:537:  --> Processing Dependency: perl-CPANPLUS for package: perl-core-5.16.3-299.el7_9.x86_64
DEBUG util.py:537:  --> Processing Dependency: perl-CPAN-Meta-YAML for package: perl-core-5.16.3-299.el7_9.x86_64
DEBUG util.py:537:  --> Processing Dependency: perl-CPAN-Meta-Requirements for package: perl-core-5.16.3-299.el7_9.x86_64
DEBUG util.py:537:  --> Processing Dependency: perl-CPAN-Meta for package: perl-core-5.16.3-299.el7_9.x86_64
DEBUG util.py:537:  --> Processing Dependency: perl-CPAN for package: perl-core-5.16.3-299.el7_9.x86_64
DEBUG util.py:537:  --> Processing Dependency: perl-CGI for package: perl-core-5.16.3-299.el7_9.x86_64
DEBUG util.py:537:  --> Processing Dependency: perl-B-Lint for package: perl-core-5.16.3-299.el7_9.x86_64
DEBUG util.py:537:  --> Processing Dependency: perl-Archive-Tar for package: perl-core-5.16.3-299.el7_9.x86_64
DEBUG util.py:537:  --> Processing Dependency: perl-Archive-Extract for package: perl-core-5.16.3-299.el7_9.x86_64
DEBUG util.py:537:  ---> Package zlib-devel.x86_64 0:1.2.7-21.el7_9 will be installed
DEBUG util.py:537:  --> Running transaction check
DEBUG util.py:537:  ---> Package krb5-devel.x86_64 0:1.15.1-55.el7_9 will be installed
DEBUG util.py:537:  --> Processing Dependency: libkadm5(x86-64) = 1.15.1-55.el7_9 for package: krb5-devel-1.15.1-55.el7_9.x86_64
DEBUG util.py:537:  --> Processing Dependency: libverto-devel for package: krb5-devel-1.15.1-55.el7_9.x86_64
DEBUG util.py:537:  --> Processing Dependency: libselinux-devel for package: krb5-devel-1.15.1-55.el7_9.x86_64
DEBUG util.py:537:  --> Processing Dependency: libcom_err-devel for package: krb5-devel-1.15.1-55.el7_9.x86_64
DEBUG util.py:537:  --> Processing Dependency: keyutils-libs-devel for package: krb5-devel-1.15.1-55.el7_9.x86_64
DEBUG util.py:537:  ---> Package libzstd.x86_64 0:1.5.5-1.el7 will be installed
DEBUG util.py:537:  ---> Package lmdb-libs.x86_64 0:0.9.22-2.el7 will be installed
DEBUG util.py:537:  ---> Package pcre2.x86_64 0:10.23-2.el7 will be installed
DEBUG util.py:537:  ---> Package pcre2-utf16.x86_64 0:10.23-2.el7 will be installed
DEBUG util.py:537:  ---> Package pcre2-utf32.x86_64 0:10.23-2.el7 will be installed
DEBUG util.py:537:  ---> Package perl-Archive-Extract.noarch 1:0.68-3.el7 will be installed
DEBUG util.py:537:  ---> Package perl-Archive-Tar.noarch 0:1.92-3.el7 will be installed
DEBUG util.py:537:  ---> Package perl-B-Lint.noarch 0:1.17-3.el7 will be installed
DEBUG util.py:537:  ---> Package perl-CGI.noarch 0:3.63-4.el7 will be installed
DEBUG util.py:537:  --> Processing Dependency: perl(FCGI) >= 0.67 for package: perl-CGI-3.63-4.el7.noarch
DEBUG util.py:537:  ---> Package perl-CPAN.noarch 0:1.9800-299.el7_9 will be installed
DEBUG util.py:537:  --> Processing Dependency: perl(local::lib) for package: perl-CPAN-1.9800-299.el7_9.noarch
DEBUG util.py:537:  ---> Package perl-CPAN-Meta.noarch 0:2.120921-5.el7 will be installed
DEBUG util.py:537:  ---> Package perl-CPAN-Meta-Requirements.noarch 0:2.122-7.el7 will be installed
DEBUG util.py:537:  ---> Package perl-CPAN-Meta-YAML.noarch 0:0.008-14.el7 will be installed
DEBUG util.py:537:  ---> Package perl-CPANPLUS.noarch 0:0.91.38-4.el7 will be installed
DEBUG util.py:537:  --> Processing Dependency: perl(DBIx::Simple) for package: perl-CPANPLUS-0.91.38-4.el7.noarch
DEBUG util.py:537:  --> Processing Dependency: perl(DBD::SQLite) for package: perl-CPANPLUS-0.91.38-4.el7.noarch
DEBUG util.py:537:  ---> Package perl-CPANPLUS-Dist-Build.noarch 0:0.70-3.el7 will be installed
DEBUG util.py:537:  ---> Package perl-Compress-Raw-Bzip2.x86_64 0:2.061-3.el7 will be installed
DEBUG util.py:537:  ---> Package perl-Compress-Raw-Zlib.x86_64 1:2.061-4.el7 will be installed
DEBUG util.py:537:  ---> Package perl-DB_File.x86_64 0:1.830-6.el7 will be installed
DEBUG util.py:537:  ---> Package perl-Data-Dumper.x86_64 0:2.145-3.el7 will be installed
DEBUG util.py:537:  ---> Package perl-Digest.noarch 0:1.17-245.el7 will be installed
DEBUG util.py:537:  ---> Package perl-Digest-MD5.x86_64 0:2.52-3.el7 will be installed
DEBUG util.py:537:  ---> Package perl-Digest-SHA.x86_64 1:5.85-4.el7 will be installed
DEBUG util.py:537:  ---> Package perl-Env.noarch 0:1.04-2.el7 will be installed
DEBUG util.py:537:  ---> Package perl-ExtUtils-CBuilder.noarch 1:0.28.2.6-299.el7_9 will be installed
DEBUG util.py:537:  ---> Package perl-ExtUtils-Embed.noarch 0:1.30-299.el7_9 will be installed
DEBUG util.py:537:  ---> Package perl-ExtUtils-Install.noarch 0:1.58-299.el7_9 will be installed
DEBUG util.py:537:  ---> Package perl-ExtUtils-MakeMaker.noarch 0:6.68-3.el7 will be installed
DEBUG util.py:537:  ---> Package perl-ExtUtils-Manifest.noarch 0:1.61-244.el7 will be installed
DEBUG util.py:537:  ---> Package perl-ExtUtils-ParseXS.noarch 1:3.18-3.el7 will be installed
DEBUG util.py:537:  ---> Package perl-File-CheckTree.noarch 0:4.42-3.el7 will be installed
DEBUG util.py:537:  ---> Package perl-File-Fetch.noarch 0:0.42-2.el7 will be installed
DEBUG util.py:537:  ---> Package perl-IO-Compress.noarch 0:2.061-2.el7 will be installed
DEBUG util.py:537:  ---> Package perl-IO-Zlib.noarch 1:1.10-299.el7_9 will be installed
DEBUG util.py:537:  ---> Package perl-JSON-PP.noarch 0:2.27202-2.el7 will be installed
DEBUG util.py:537:  ---> Package perl-Locale-Codes.noarch 0:3.26-2.el7 will be installed
DEBUG util.py:537:  ---> Package perl-Locale-Maketext.noarch 0:1.23-3.el7 will be installed
DEBUG util.py:537:  ---> Package perl-Locale-Maketext-Simple.noarch 1:0.21-299.el7_9 will be installed
DEBUG util.py:537:  ---> Package perl-Log-Message.noarch 1:0.08-3.el7 will be installed
DEBUG util.py:537:  ---> Package perl-Log-Message-Simple.noarch 0:0.10-2.el7 will be installed
DEBUG util.py:537:  ---> Package perl-Module-Build.noarch 2:0.40.05-2.el7 will be installed
DEBUG util.py:537:  ---> Package perl-Module-CoreList.noarch 1:2.76.02-299.el7_9 will be installed
DEBUG util.py:537:  ---> Package perl-Module-Load.noarch 1:0.24-3.el7 will be installed
DEBUG util.py:537:  ---> Package perl-Module-Load-Conditional.noarch 0:0.54-3.el7 will be installed
DEBUG util.py:537:  ---> Package perl-Module-Loaded.noarch 1:0.08-299.el7_9 will be installed
DEBUG util.py:537:  ---> Package perl-Module-Metadata.noarch 0:1.000018-2.el7 will be installed
DEBUG util.py:537:  ---> Package perl-Module-Pluggable.noarch 1:4.8-3.el7 will be installed
DEBUG util.py:537:  ---> Package perl-Object-Accessor.noarch 1:0.42-299.el7_9 will be installed
DEBUG util.py:537:  ---> Package perl-Package-Constants.noarch 1:0.02-299.el7_9 will be installed
DEBUG util.py:537:  ---> Package perl-Params-Check.noarch 1:0.38-2.el7 will be installed
DEBUG util.py:537:  ---> Package perl-Parse-CPAN-Meta.noarch 1:1.4404-5.el7 will be installed
DEBUG util.py:537:  ---> Package perl-Perl-OSType.noarch 0:1.003-3.el7 will be installed
DEBUG util.py:537:  ---> Package perl-Pod-Checker.noarch 0:1.60-2.el7 will be installed
DEBUG util.py:537:  ---> Package perl-Pod-LaTeX.noarch 0:0.61-2.el7 will be installed
DEBUG util.py:537:  ---> Package perl-Pod-Parser.noarch 0:1.61-2.el7 will be installed
DEBUG util.py:537:  ---> Package perl-Sys-Syslog.x86_64 0:0.33-3.el7 will be installed
DEBUG util.py:537:  ---> Package perl-Term-UI.noarch 0:0.36-2.el7 will be installed
DEBUG util.py:537:  ---> Package perl-Test-Harness.noarch 0:3.28-3.el7 will be installed
DEBUG util.py:537:  ---> Package perl-Test-Simple.noarch 0:0.98-243.el7 will be installed
DEBUG util.py:537:  ---> Package perl-Text-Soundex.x86_64 0:3.04-4.el7 will be installed
DEBUG util.py:537:  --> Processing Dependency: perl(Text::Unidecode) for package: perl-Text-Soundex-3.04-4.el7.x86_64
DEBUG util.py:537:  ---> Package perl-Version-Requirements.noarch 0:0.101022-244.el7 will be installed
DEBUG util.py:537:  ---> Package perl-autodie.noarch 0:2.16-2.el7 will be installed
DEBUG util.py:537:  ---> Package perl-devel.x86_64 4:5.16.3-299.el7_9 will be installed
DEBUG util.py:537:  --> Processing Dependency: systemtap-sdt-devel for package: 4:perl-devel-5.16.3-299.el7_9.x86_64
DEBUG util.py:537:  --> Processing Dependency: libdb-devel for package: 4:perl-devel-5.16.3-299.el7_9.x86_64
DEBUG util.py:537:  --> Processing Dependency: gdbm-devel for package: 4:perl-devel-5.16.3-299.el7_9.x86_64
DEBUG util.py:537:  ---> Package perl-version.x86_64 3:0.99.07-6.el7 will be installed
DEBUG util.py:537:  ---> Package yajl.x86_64 0:2.0.4-4.el7 will be installed
DEBUG util.py:537:  --> Running transaction check
DEBUG util.py:537:  ---> Package gdbm-devel.x86_64 0:1.10-8.el7 will be installed
DEBUG util.py:537:  ---> Package keyutils-libs-devel.x86_64 0:1.5.8-3.el7 will be installed
DEBUG util.py:537:  ---> Package libcom_err-devel.x86_64 0:1.42.9-19.el7 will be installed
DEBUG util.py:537:  ---> Package libdb-devel.x86_64 0:5.3.21-25.el7 will be installed
DEBUG util.py:537:  ---> Package libkadm5.x86_64 0:1.15.1-55.el7_9 will be installed
DEBUG util.py:537:  ---> Package libselinux-devel.x86_64 0:2.5-15.el7 will be installed
DEBUG util.py:537:  --> Processing Dependency: libsepol-devel(x86-64) >= 2.5-10 for package: libselinux-devel-2.5-15.el7.x86_64
DEBUG util.py:537:  --> Processing Dependency: pkgconfig(libsepol) for package: libselinux-devel-2.5-15.el7.x86_64
DEBUG util.py:537:  --> Processing Dependency: pkgconfig(libpcre) for package: libselinux-devel-2.5-15.el7.x86_64
DEBUG util.py:537:  ---> Package libverto-devel.x86_64 0:0.2.5-4.el7 will be installed
DEBUG util.py:537:  ---> Package perl-DBD-SQLite.x86_64 0:1.39-3.el7 will be installed
DEBUG util.py:537:  --> Processing Dependency: perl(DBI) >= 1.57 for package: perl-DBD-SQLite-1.39-3.el7.x86_64
DEBUG util.py:537:  ---> Package perl-DBIx-Simple.noarch 0:1.35-7.el7 will be installed
DEBUG util.py:537:  ---> Package perl-FCGI.x86_64 1:0.74-8.el7 will be installed
DEBUG util.py:537:  ---> Package perl-Text-Unidecode.noarch 0:0.04-20.el7 will be installed
DEBUG util.py:537:  ---> Package perl-local-lib.noarch 0:1.008010-4.el7 will be installed
DEBUG util.py:537:  ---> Package systemtap-sdt-devel.x86_64 0:4.0-13.el7 will be installed
DEBUG util.py:537:  --> Processing Dependency: pyparsing for package: systemtap-sdt-devel-4.0-13.el7.x86_64
DEBUG util.py:537:  --> Processing Dependency: /usr/bin/python2 for package: systemtap-sdt-devel-4.0-13.el7.x86_64
DEBUG util.py:537:  --> Running transaction check
DEBUG util.py:537:  ---> Package libsepol-devel.x86_64 0:2.5-10.el7 will be installed
DEBUG util.py:537:  ---> Package pcre-devel.x86_64 0:8.32-17.el7 will be installed
DEBUG util.py:537:  ---> Package perl-DBI.x86_64 0:1.627-4.el7 will be installed
DEBUG util.py:537:  --> Processing Dependency: perl(RPC::PlServer) >= 0.2001 for package: perl-DBI-1.627-4.el7.x86_64
DEBUG util.py:537:  --> Processing Dependency: perl(RPC::PlClient) >= 0.2000 for package: perl-DBI-1.627-4.el7.x86_64
DEBUG util.py:537:  ---> Package pyparsing.noarch 0:1.5.6-9.el7 will be installed
DEBUG util.py:537:  ---> Package python.x86_64 0:2.7.5-94.el7_9 will be installed
DEBUG util.py:537:  --> Running transaction check
DEBUG util.py:537:  ---> Package perl-PlRPC.noarch 0:0.2020-14.el7 will be installed
DEBUG util.py:537:  --> Processing Dependency: perl(Net::Daemon) >= 0.13 for package: perl-PlRPC-0.2020-14.el7.noarch
DEBUG util.py:537:  --> Processing Dependency: perl(Net::Daemon::Test) for package: perl-PlRPC-0.2020-14.el7.noarch
DEBUG util.py:537:  --> Processing Dependency: perl(Net::Daemon::Log) for package: perl-PlRPC-0.2020-14.el7.noarch
DEBUG util.py:537:  --> Running transaction check
DEBUG util.py:537:  ---> Package perl-Net-Daemon.noarch 0:0.48-5.el7 will be installed
DEBUG util.py:537:  --> Finished Dependency Resolution
DEBUG util.py:537:  Dependencies Resolved
DEBUG util.py:537:  ================================================================================
DEBUG util.py:537:   Package                      Arch   Version               Repository      Size
DEBUG util.py:537:  ================================================================================
DEBUG util.py:537:  Installing:
DEBUG util.py:537:   libzstd-devel                x86_64 1.5.5-1.el7           epel            53 k
DEBUG util.py:537:   modsecurity                  x86_64 3.0.16-1.el7          mock-localrepo 981 k
DEBUG util.py:537:   openssl-devel                x86_64 1:1.0.2k-26.el7_9     updates        1.5 M
DEBUG util.py:537:   pcre2-devel                  x86_64 10.23-2.el7           base           545 k
DEBUG util.py:537:   perl-IPC-Cmd                 noarch 1:0.80-4.el7          base            34 k
DEBUG util.py:537:   perl-Time-Piece              x86_64 1.20.1-299.el7_9      updates         70 k
DEBUG util.py:537:   perl-core                    x86_64 5.16.3-299.el7_9      updates         43 k
DEBUG util.py:537:   zlib-devel                   x86_64 1.2.7-21.el7_9        updates         50 k
DEBUG util.py:537:  Installing for dependencies:
DEBUG util.py:537:   gdbm-devel                   x86_64 1.10-8.el7            base            47 k
DEBUG util.py:537:   keyutils-libs-devel          x86_64 1.5.8-3.el7           base            37 k
DEBUG util.py:537:   krb5-devel                   x86_64 1.15.1-55.el7_9       updates        273 k
DEBUG util.py:537:   libcom_err-devel             x86_64 1.42.9-19.el7         base            32 k
DEBUG util.py:537:   libdb-devel                  x86_64 5.3.21-25.el7         base            39 k
DEBUG util.py:537:   libkadm5                     x86_64 1.15.1-55.el7_9       updates        180 k
DEBUG util.py:537:   libselinux-devel             x86_64 2.5-15.el7            base           187 k
DEBUG util.py:537:   libsepol-devel               x86_64 2.5-10.el7            base            77 k
DEBUG util.py:537:   libverto-devel               x86_64 0.2.5-4.el7           base            12 k
DEBUG util.py:537:   libzstd                      x86_64 1.5.5-1.el7           epel           292 k
DEBUG util.py:537:   lmdb-libs                    x86_64 0.9.22-2.el7          epel            54 k
DEBUG util.py:537:   pcre-devel                   x86_64 8.32-17.el7           base           480 k
DEBUG util.py:537:   pcre2                        x86_64 10.23-2.el7           base           201 k
DEBUG util.py:537:   pcre2-utf16                  x86_64 10.23-2.el7           base           189 k
DEBUG util.py:537:   pcre2-utf32                  x86_64 10.23-2.el7           base           181 k
DEBUG util.py:537:   perl-Archive-Extract         noarch 1:0.68-3.el7          base            28 k
DEBUG util.py:537:   perl-Archive-Tar             noarch 1.92-3.el7            base            73 k
DEBUG util.py:537:   perl-B-Lint                  noarch 1.17-3.el7            base            20 k
DEBUG util.py:537:   perl-CGI                     noarch 3.63-4.el7            base           250 k
DEBUG util.py:537:   perl-CPAN                    noarch 1.9800-299.el7_9      updates        293 k
DEBUG util.py:537:   perl-CPAN-Meta               noarch 2.120921-5.el7        base           113 k
DEBUG util.py:537:   perl-CPAN-Meta-Requirements  noarch 2.122-7.el7           base            24 k
DEBUG util.py:537:   perl-CPAN-Meta-YAML          noarch 0.008-14.el7          base            24 k
DEBUG util.py:537:   perl-CPANPLUS                noarch 0.91.38-4.el7         base           307 k
DEBUG util.py:537:   perl-CPANPLUS-Dist-Build     noarch 0.70-3.el7            base            28 k
DEBUG util.py:537:   perl-Compress-Raw-Bzip2      x86_64 2.061-3.el7           base            32 k
DEBUG util.py:537:   perl-Compress-Raw-Zlib       x86_64 1:2.061-4.el7         base            57 k
DEBUG util.py:537:   perl-DBD-SQLite              x86_64 1.39-3.el7            base           1.3 M
DEBUG util.py:537:   perl-DBI                     x86_64 1.627-4.el7           base           802 k
DEBUG util.py:537:   perl-DBIx-Simple             noarch 1.35-7.el7            base            43 k
DEBUG util.py:537:   perl-DB_File                 x86_64 1.830-6.el7           base            74 k
DEBUG util.py:537:   perl-Data-Dumper             x86_64 2.145-3.el7           base            47 k
DEBUG util.py:537:   perl-Digest                  noarch 1.17-245.el7          base            23 k
DEBUG util.py:537:   perl-Digest-MD5              x86_64 2.52-3.el7            base            30 k
DEBUG util.py:537:   perl-Digest-SHA              x86_64 1:5.85-4.el7          base            58 k
DEBUG util.py:537:   perl-Env                     noarch 1.04-2.el7            base            16 k
DEBUG util.py:537:   perl-ExtUtils-CBuilder       noarch 1:0.28.2.6-299.el7_9  updates         68 k
DEBUG util.py:537:   perl-ExtUtils-Embed          noarch 1.30-299.el7_9        updates         51 k
DEBUG util.py:537:   perl-ExtUtils-Install        noarch 1.58-299.el7_9        updates         75 k
DEBUG util.py:537:   perl-ExtUtils-MakeMaker      noarch 6.68-3.el7            base           275 k
DEBUG util.py:537:   perl-ExtUtils-Manifest       noarch 1.61-244.el7          base            31 k
DEBUG util.py:537:   perl-ExtUtils-ParseXS        noarch 1:3.18-3.el7          base            77 k
DEBUG util.py:537:   perl-FCGI                    x86_64 1:0.74-8.el7          base            42 k
DEBUG util.py:537:   perl-File-CheckTree          noarch 4.42-3.el7            base            18 k
DEBUG util.py:537:   perl-File-Fetch              noarch 0.42-2.el7            base            27 k
DEBUG util.py:537:   perl-IO-Compress             noarch 2.061-2.el7           base           260 k
DEBUG util.py:537:   perl-IO-Zlib                 noarch 1:1.10-299.el7_9      updates         52 k
DEBUG util.py:537:   perl-JSON-PP                 noarch 2.27202-2.el7         base            55 k
DEBUG util.py:537:   perl-Locale-Codes            noarch 3.26-2.el7            base           314 k
DEBUG util.py:537:   perl-Locale-Maketext         noarch 1.23-3.el7            base            93 k
DEBUG util.py:537:   perl-Locale-Maketext-Simple  noarch 1:0.21-299.el7_9      updates         51 k
DEBUG util.py:537:   perl-Log-Message             noarch 1:0.08-3.el7          base            29 k
DEBUG util.py:537:   perl-Log-Message-Simple      noarch 0.10-2.el7            base            11 k
DEBUG util.py:537:   perl-Module-Build            noarch 2:0.40.05-2.el7       base           281 k
DEBUG util.py:537:   perl-Module-CoreList         noarch 1:2.76.02-299.el7_9   updates         86 k
DEBUG util.py:537:   perl-Module-Load             noarch 1:0.24-3.el7          base            11 k
DEBUG util.py:537:   perl-Module-Load-Conditional noarch 0.54-3.el7            base            18 k
DEBUG util.py:537:   perl-Module-Loaded           noarch 1:0.08-299.el7_9      updates         47 k
DEBUG util.py:537:   perl-Module-Metadata         noarch 1.000018-2.el7        base            26 k
DEBUG util.py:537:   perl-Module-Pluggable        noarch 1:4.8-3.el7           base            29 k
DEBUG util.py:537:   perl-Net-Daemon              noarch 0.48-5.el7            base            51 k
DEBUG util.py:537:   perl-Object-Accessor         noarch 1:0.42-299.el7_9      updates         56 k
DEBUG util.py:537:   perl-Package-Constants       noarch 1:0.02-299.el7_9      updates         46 k
DEBUG util.py:537:   perl-Params-Check            noarch 1:0.38-2.el7          base            18 k
DEBUG util.py:537:   perl-Parse-CPAN-Meta         noarch 1:1.4404-5.el7        base            14 k
DEBUG util.py:537:   perl-Perl-OSType             noarch 1.003-3.el7           base            20 k
DEBUG util.py:537:   perl-PlRPC                   noarch 0.2020-14.el7         base            36 k
DEBUG util.py:537:   perl-Pod-Checker             noarch 1.60-2.el7            base            28 k
DEBUG util.py:537:   perl-Pod-LaTeX               noarch 0.61-2.el7            base            35 k
DEBUG util.py:537:   perl-Pod-Parser              noarch 1.61-2.el7            base           107 k
DEBUG util.py:537:   perl-Sys-Syslog              x86_64 0.33-3.el7            base            42 k
DEBUG util.py:537:   perl-Term-UI                 noarch 0.36-2.el7            base            22 k
DEBUG util.py:537:   perl-Test-Harness            noarch 3.28-3.el7            base           302 k
DEBUG util.py:537:   perl-Test-Simple             noarch 0.98-243.el7          base           170 k
DEBUG util.py:537:   perl-Text-Soundex            x86_64 3.04-4.el7            base            19 k
DEBUG util.py:537:   perl-Text-Unidecode          noarch 0.04-20.el7           base           114 k
DEBUG util.py:537:   perl-Version-Requirements    noarch 0.101022-244.el7      base            21 k
DEBUG util.py:537:   perl-autodie                 noarch 2.16-2.el7            base            77 k
DEBUG util.py:537:   perl-devel                   x86_64 4:5.16.3-299.el7_9    updates        454 k
DEBUG util.py:537:   perl-local-lib               noarch 1.008010-4.el7        base            64 k
DEBUG util.py:537:   perl-version                 x86_64 3:0.99.07-6.el7       base            84 k
DEBUG util.py:537:   pyparsing                    noarch 1.5.6-9.el7           base            94 k
DEBUG util.py:537:   python                       x86_64 2.7.5-94.el7_9        updates         97 k
DEBUG util.py:537:   systemtap-sdt-devel          x86_64 4.0-13.el7            base            76 k
DEBUG util.py:537:   yajl                         x86_64 2.0.4-4.el7           base            39 k
DEBUG util.py:537:  Transaction Summary
DEBUG util.py:537:  ================================================================================
DEBUG util.py:537:  Install  8 Packages (+85 Dependent packages)
DEBUG util.py:537:  Total size: 13 M
DEBUG util.py:537:  Total download size: 981 k
DEBUG util.py:537:  Installed size: 36 M
DEBUG util.py:537:  Downloading packages:
DEBUG util.py:537:  Running transaction check
DEBUG util.py:537:  Running transaction test
DEBUG util.py:537:  Transaction test succeeded
DEBUG util.py:537:  Running transaction
DEBUG util.py:537:    Installing : perl-Data-Dumper-2.145-3.el7.x86_64                         1/93 
DEBUG util.py:537:    Installing : 3:perl-version-0.99.07-6.el7.x86_64                         2/93 
DEBUG util.py:537:    Installing : perl-Test-Harness-3.28-3.el7.noarch                         3/93 
DEBUG util.py:537:    Installing : 1:perl-Module-Load-0.24-3.el7.noarch                        4/93 
DEBUG util.py:537:    Installing : 1:perl-Module-CoreList-2.76.02-299.el7_9.noarch             5/93 
DEBUG util.py:537:    Installing : perl-Module-Metadata-1.000018-2.el7.noarch                  6/93 
DEBUG util.py:537:    Installing : 1:perl-Module-Pluggable-4.8-3.el7.noarch                    7/93 
DEBUG util.py:537:    Installing : 1:perl-Package-Constants-0.02-299.el7_9.noarch              8/93 
DEBUG util.py:537:    Installing : perl-Perl-OSType-1.003-3.el7.noarch                         9/93 
DEBUG util.py:537:    Installing : perl-CPAN-Meta-YAML-0.008-14.el7.noarch                    10/93 
DEBUG util.py:537:    Installing : perl-ExtUtils-Manifest-1.61-244.el7.noarch                 11/93 
DEBUG util.py:537:    Installing : perl-Digest-1.17-245.el7.noarch                            12/93 
DEBUG util.py:537:    Installing : perl-Pod-Parser-1.61-2.el7.noarch                          13/93 
DEBUG util.py:537:    Installing : 1:perl-Digest-SHA-5.85-4.el7.x86_64                        14/93 
DEBUG util.py:537:    Installing : perl-CPAN-Meta-Requirements-2.122-7.el7.noarch             15/93 
DEBUG util.py:537:    Installing : perl-JSON-PP-2.27202-2.el7.noarch                          16/93 
DEBUG util.py:537:    Installing : 1:perl-Parse-CPAN-Meta-1.4404-5.el7.noarch                 17/93 
DEBUG util.py:537:    Installing : perl-CPAN-Meta-2.120921-5.el7.noarch                       18/93 
DEBUG util.py:537:    Installing : 1:perl-Module-Loaded-0.08-299.el7_9.noarch                 19/93 
DEBUG util.py:537:    Installing : 1:perl-Compress-Raw-Zlib-2.061-4.el7.x86_64                20/93 
DEBUG util.py:537:    Installing : pcre2-10.23-2.el7.x86_64                                   21/93 
DEBUG util.py:537:    Installing : python-2.7.5-94.el7_9.x86_64                               22/93 
DEBUG util.py:537:    Installing : perl-Compress-Raw-Bzip2-2.061-3.el7.x86_64                 23/93 
DEBUG util.py:537:    Installing : perl-IO-Compress-2.061-2.el7.noarch                        24/93 
DEBUG util.py:537:    Installing : 1:perl-IO-Zlib-1.10-299.el7_9.noarch                       25/93 
DEBUG util.py:537:    Installing : perl-Locale-Maketext-1.23-3.el7.noarch                     26/93 
DEBUG util.py:537:    Installing : 1:perl-Locale-Maketext-Simple-0.21-299.el7_9.noarch        27/93 
DEBUG util.py:537:    Installing : 1:perl-Params-Check-0.38-2.el7.noarch                      28/93 
DEBUG util.py:537:    Installing : perl-Module-Load-Conditional-0.54-3.el7.noarch             29/93 
DEBUG util.py:537:    Installing : 1:perl-Log-Message-0.08-3.el7.noarch                       30/93 
DEBUG util.py:537:    Installing : 1:perl-Object-Accessor-0.42-299.el7_9.noarch               31/93 
DEBUG util.py:537:    Installing : perl-Log-Message-Simple-0.10-2.el7.noarch                  32/93 
DEBUG util.py:537:    Installing : perl-Term-UI-0.36-2.el7.noarch                             33/93 
DEBUG util.py:537:    Installing : perl-Archive-Tar-1.92-3.el7.noarch                         34/93 
DEBUG util.py:537:    Installing : pyparsing-1.5.6-9.el7.noarch                               35/93 
DEBUG util.py:537:    Installing : systemtap-sdt-devel-4.0-13.el7.x86_64                      36/93 
DEBUG util.py:537:    Installing : perl-Pod-Checker-1.60-2.el7.noarch                         37/93 
DEBUG util.py:537:    Installing : perl-Pod-LaTeX-0.61-2.el7.noarch                           38/93 
DEBUG util.py:537:    Installing : perl-Digest-MD5-2.52-3.el7.x86_64                          39/93 
DEBUG util.py:537:    Installing : perl-B-Lint-1.17-3.el7.noarch                              40/93 
DEBUG util.py:537:    Installing : perl-Test-Simple-0.98-243.el7.noarch                       41/93 
DEBUG util.py:537:    Installing : perl-Version-Requirements-0.101022-244.el7.noarch          42/93 
DEBUG util.py:537:    Installing : libkadm5-1.15.1-55.el7_9.x86_64                            43/93 
DEBUG util.py:537:    Installing : pcre2-utf16-10.23-2.el7.x86_64                             44/93 
DEBUG util.py:537:    Installing : zlib-devel-1.2.7-21.el7_9.x86_64                           45/93 
DEBUG util.py:537:    Installing : perl-Net-Daemon-0.48-5.el7.noarch                          46/93 
DEBUG util.py:537:    Installing : perl-PlRPC-0.2020-14.el7.noarch                            47/93 
DEBUG util.py:537:    Installing : perl-DBI-1.627-4.el7.x86_64                                48/93 
DEBUG util.py:537:    Installing : perl-DBIx-Simple-1.35-7.el7.noarch                         49/93 
DEBUG util.py:537:    Installing : perl-DBD-SQLite-1.39-3.el7.x86_64                          50/93 
DEBUG util.py:537:    Installing : perl-local-lib-1.008010-4.el7.noarch                       51/93 
DEBUG util.py:537:    Installing : lmdb-libs-0.9.22-2.el7.x86_64                              52/93 
DEBUG util.py:537:    Installing : libcom_err-devel-1.42.9-19.el7.x86_64                      53/93 
DEBUG util.py:537:    Installing : perl-Text-Unidecode-0.04-20.el7.noarch                     54/93 
DEBUG util.py:537:    Installing : perl-Text-Soundex-3.04-4.el7.x86_64                        55/93 
DEBUG util.py:537:    Installing : perl-Time-Piece-1.20.1-299.el7_9.x86_64                    56/93 
DEBUG util.py:537:    Installing : libzstd-1.5.5-1.el7.x86_64                                 57/93 
DEBUG util.py:537:    Installing : gdbm-devel-1.10-8.el7.x86_64                               58/93 
DEBUG util.py:537:    Installing : pcre-devel-8.32-17.el7.x86_64                              59/93 
DEBUG util.py:537:    Installing : libdb-devel-5.3.21-25.el7.x86_64                           60/93 
DEBUG util.py:537:    Installing : perl-ExtUtils-MakeMaker-6.68-3.el7.noarch                  61/93 
DEBUG util.py:537:    Installing : 1:perl-ExtUtils-ParseXS-3.18-3.el7.noarch                  62/93 
DEBUG util.py:537:    Installing : 4:perl-devel-5.16.3-299.el7_9.x86_64                       63/93 
DEBUG util.py:537:    Installing : perl-ExtUtils-Install-1.58-299.el7_9.noarch                64/93 
DEBUG util.py:537:    Installing : 1:perl-IPC-Cmd-0.80-4.el7.noarch                           65/93 
DEBUG util.py:537:    Installing : 1:perl-ExtUtils-CBuilder-0.28.2.6-299.el7_9.noarch         66/93 
DEBUG util.py:537:    Installing : 2:perl-Module-Build-0.40.05-2.el7.noarch                   67/93 
DEBUG util.py:537:    Installing : perl-File-Fetch-0.42-2.el7.noarch                          68/93 
DEBUG util.py:537:    Installing : 1:perl-Archive-Extract-0.68-3.el7.noarch                   69/93 
DEBUG util.py:537:    Installing : perl-CPANPLUS-0.91.38-4.el7.noarch                         70/93 
DEBUG util.py:537:    Installing : perl-CPANPLUS-Dist-Build-0.70-3.el7.noarch                 71/93 
DEBUG util.py:537:    Installing : perl-ExtUtils-Embed-1.30-299.el7_9.noarch                  72/93 
DEBUG util.py:537:    Installing : perl-CPAN-1.9800-299.el7_9.noarch                          73/93 
DEBUG util.py:537:    Installing : pcre2-utf32-10.23-2.el7.x86_64                             74/93 
DEBUG util.py:537:    Installing : perl-DB_File-1.830-6.el7.x86_64                            75/93 
DEBUG util.py:537:    Installing : 1:perl-FCGI-0.74-8.el7.x86_64                              76/93 
DEBUG util.py:537:    Installing : perl-CGI-3.63-4.el7.noarch                                 77/93 
DEBUG util.py:537:    Installing : perl-Env-1.04-2.el7.noarch                                 78/93 
DEBUG util.py:537:    Installing : keyutils-libs-devel-1.5.8-3.el7.x86_64                     79/93 
DEBUG util.py:537:    Installing : perl-File-CheckTree-4.42-3.el7.noarch                      80/93 
DEBUG util.py:537:    Installing : libsepol-devel-2.5-10.el7.x86_64                           81/93 
DEBUG util.py:537:    Installing : libselinux-devel-2.5-15.el7.x86_64                         82/93 
DEBUG util.py:537:    Installing : yajl-2.0.4-4.el7.x86_64                                    83/93 
DEBUG util.py:537:    Installing : perl-autodie-2.16-2.el7.noarch                             84/93 
DEBUG util.py:537:    Installing : perl-Sys-Syslog-0.33-3.el7.x86_64                          85/93 
DEBUG util.py:537:    Installing : perl-Locale-Codes-3.26-2.el7.noarch                        86/93 
DEBUG util.py:537:    Installing : libverto-devel-0.2.5-4.el7.x86_64                          87/93 
DEBUG util.py:537:    Installing : krb5-devel-1.15.1-55.el7_9.x86_64                          88/93 
DEBUG util.py:537:    Installing : 1:openssl-devel-1.0.2k-26.el7_9.x86_64                     89/93 
DEBUG util.py:537:    Installing : perl-core-5.16.3-299.el7_9.x86_64                          90/93 
DEBUG util.py:537:    Installing : modsecurity-3.0.16-1.el7.x86_64                            91/93 
DEBUG util.py:537:    Installing : pcre2-devel-10.23-2.el7.x86_64                             92/93 
DEBUG util.py:537:    Installing : libzstd-devel-1.5.5-1.el7.x86_64                           93/93 
DEBUG util.py:537:    Verifying  : perl-Pod-Parser-1.61-2.el7.noarch                           1/93 
DEBUG util.py:537:    Verifying  : perl-ExtUtils-Install-1.58-299.el7_9.noarch                 2/93 
DEBUG util.py:537:    Verifying  : perl-Locale-Maketext-1.23-3.el7.noarch                      3/93 
DEBUG util.py:537:    Verifying  : 1:openssl-devel-1.0.2k-26.el7_9.x86_64                      4/93 
DEBUG util.py:537:    Verifying  : perl-Test-Simple-0.98-243.el7.noarch                        5/93 
DEBUG util.py:537:    Verifying  : libverto-devel-0.2.5-4.el7.x86_64                           6/93 
DEBUG util.py:537:    Verifying  : perl-Locale-Codes-3.26-2.el7.noarch                         7/93 
DEBUG util.py:537:    Verifying  : perl-ExtUtils-Embed-1.30-299.el7_9.noarch                   8/93 
DEBUG util.py:537:    Verifying  : perl-Sys-Syslog-0.33-3.el7.x86_64                           9/93 
DEBUG util.py:537:    Verifying  : perl-DBI-1.627-4.el7.x86_64                                10/93 
DEBUG util.py:537:    Verifying  : 1:perl-ExtUtils-CBuilder-0.28.2.6-299.el7_9.noarch         11/93 
DEBUG util.py:537:    Verifying  : 1:perl-Locale-Maketext-Simple-0.21-299.el7_9.noarch        12/93 
DEBUG util.py:537:    Verifying  : perl-Archive-Tar-1.92-3.el7.noarch                         13/93 
DEBUG util.py:537:    Verifying  : 3:perl-version-0.99.07-6.el7.x86_64                        14/93 
DEBUG util.py:537:    Verifying  : perl-autodie-2.16-2.el7.noarch                             15/93 
DEBUG util.py:537:    Verifying  : 1:perl-Log-Message-0.08-3.el7.noarch                       16/93 
DEBUG util.py:537:    Verifying  : yajl-2.0.4-4.el7.x86_64                                    17/93 
DEBUG util.py:537:    Verifying  : perl-DBIx-Simple-1.35-7.el7.noarch                         18/93 
DEBUG util.py:537:    Verifying  : libsepol-devel-2.5-10.el7.x86_64                           19/93 
DEBUG util.py:537:    Verifying  : 1:perl-IPC-Cmd-0.80-4.el7.noarch                           20/93 
DEBUG util.py:537:    Verifying  : perl-File-CheckTree-4.42-3.el7.noarch                      21/93 
DEBUG util.py:537:    Verifying  : perl-CPAN-1.9800-299.el7_9.noarch                          22/93 
DEBUG util.py:537:    Verifying  : 1:perl-Digest-SHA-5.85-4.el7.x86_64                        23/93 
DEBUG util.py:537:    Verifying  : keyutils-libs-devel-1.5.8-3.el7.x86_64                     24/93 
DEBUG util.py:537:    Verifying  : perl-B-Lint-1.17-3.el7.noarch                              25/93 
DEBUG util.py:537:    Verifying  : perl-Version-Requirements-0.101022-244.el7.noarch          26/93 
DEBUG util.py:537:    Verifying  : perl-JSON-PP-2.27202-2.el7.noarch                          27/93 
DEBUG util.py:537:    Verifying  : perl-CPAN-Meta-2.120921-5.el7.noarch                       28/93 
DEBUG util.py:537:    Verifying  : 1:perl-ExtUtils-ParseXS-3.18-3.el7.noarch                  29/93 
DEBUG util.py:537:    Verifying  : 2:perl-Module-Build-0.40.05-2.el7.noarch                   30/93 
DEBUG util.py:537:    Verifying  : perl-ExtUtils-MakeMaker-6.68-3.el7.noarch                  31/93 
DEBUG util.py:537:    Verifying  : perl-Env-1.04-2.el7.noarch                                 32/93 
DEBUG util.py:537:    Verifying  : perl-Compress-Raw-Bzip2-2.061-3.el7.x86_64                 33/93 
DEBUG util.py:537:    Verifying  : perl-CPAN-Meta-Requirements-2.122-7.el7.noarch             34/93 
DEBUG util.py:537:    Verifying  : perl-Pod-Checker-1.60-2.el7.noarch                         35/93 
DEBUG util.py:537:    Verifying  : python-2.7.5-94.el7_9.x86_64                               36/93 
DEBUG util.py:537:    Verifying  : 1:perl-FCGI-0.74-8.el7.x86_64                              37/93 
DEBUG util.py:537:    Verifying  : 1:perl-Module-CoreList-2.76.02-299.el7_9.noarch            38/93 
DEBUG util.py:537:    Verifying  : perl-DB_File-1.830-6.el7.x86_64                            39/93 
DEBUG util.py:537:    Verifying  : perl-File-Fetch-0.42-2.el7.noarch                          40/93 
DEBUG util.py:537:    Verifying  : pcre2-utf32-10.23-2.el7.x86_64                             41/93 
DEBUG util.py:537:    Verifying  : perl-Digest-1.17-245.el7.noarch                            42/93 
DEBUG util.py:537:    Verifying  : perl-Digest-MD5-2.52-3.el7.x86_64                          43/93 
DEBUG util.py:537:    Verifying  : modsecurity-3.0.16-1.el7.x86_64                            44/93 
DEBUG util.py:537:    Verifying  : libselinux-devel-2.5-15.el7.x86_64                         45/93 
DEBUG util.py:537:    Verifying  : libdb-devel-5.3.21-25.el7.x86_64                           46/93 
DEBUG util.py:537:    Verifying  : krb5-devel-1.15.1-55.el7_9.x86_64                          47/93 
DEBUG util.py:537:    Verifying  : perl-Pod-LaTeX-0.61-2.el7.noarch                           48/93 
DEBUG util.py:537:    Verifying  : perl-ExtUtils-Manifest-1.61-244.el7.noarch                 49/93 
DEBUG util.py:537:    Verifying  : pcre-devel-8.32-17.el7.x86_64                              50/93 
DEBUG util.py:537:    Verifying  : perl-DBD-SQLite-1.39-3.el7.x86_64                          51/93 
DEBUG util.py:537:    Verifying  : gdbm-devel-1.10-8.el7.x86_64                               52/93 
DEBUG util.py:537:    Verifying  : perl-CPAN-Meta-YAML-0.008-14.el7.noarch                    53/93 
DEBUG util.py:537:    Verifying  : perl-Perl-OSType-1.003-3.el7.noarch                        54/93 
DEBUG util.py:537:    Verifying  : perl-Module-Load-Conditional-0.54-3.el7.noarch             55/93 
DEBUG util.py:537:    Verifying  : libzstd-devel-1.5.5-1.el7.x86_64                           56/93 
DEBUG util.py:537:    Verifying  : libzstd-1.5.5-1.el7.x86_64                                 57/93 
DEBUG util.py:537:    Verifying  : 1:perl-Parse-CPAN-Meta-1.4404-5.el7.noarch                 58/93 
DEBUG util.py:537:    Verifying  : 1:perl-Package-Constants-0.02-299.el7_9.noarch             59/93 
DEBUG util.py:537:    Verifying  : pcre2-devel-10.23-2.el7.x86_64                             60/93 
DEBUG util.py:537:    Verifying  : perl-Time-Piece-1.20.1-299.el7_9.x86_64                    61/93 
DEBUG util.py:537:    Verifying  : perl-Log-Message-Simple-0.10-2.el7.noarch                  62/93 
DEBUG util.py:537:    Verifying  : perl-core-5.16.3-299.el7_9.x86_64                          63/93 
DEBUG util.py:537:    Verifying  : perl-CGI-3.63-4.el7.noarch                                 64/93 
DEBUG util.py:537:    Verifying  : perl-Text-Unidecode-0.04-20.el7.noarch                     65/93 
DEBUG util.py:537:    Verifying  : perl-PlRPC-0.2020-14.el7.noarch                            66/93 
DEBUG util.py:537:    Verifying  : 1:perl-Module-Load-0.24-3.el7.noarch                       67/93 
DEBUG util.py:537:    Verifying  : perl-Text-Soundex-3.04-4.el7.x86_64                        68/93 
DEBUG util.py:537:    Verifying  : libcom_err-devel-1.42.9-19.el7.x86_64                      69/93 
DEBUG util.py:537:    Verifying  : lmdb-libs-0.9.22-2.el7.x86_64                              70/93 
DEBUG util.py:537:    Verifying  : perl-Module-Metadata-1.000018-2.el7.noarch                 71/93 
DEBUG util.py:537:    Verifying  : perl-local-lib-1.008010-4.el7.noarch                       72/93 
DEBUG util.py:537:    Verifying  : 1:perl-Params-Check-0.38-2.el7.noarch                      73/93 
DEBUG util.py:537:    Verifying  : 1:perl-Module-Pluggable-4.8-3.el7.noarch                   74/93 
DEBUG util.py:537:    Verifying  : 1:perl-Archive-Extract-0.68-3.el7.noarch                   75/93 
DEBUG util.py:537:    Verifying  : perl-IO-Compress-2.061-2.el7.noarch                        76/93 
DEBUG util.py:537:    Verifying  : pyparsing-1.5.6-9.el7.noarch                               77/93 
DEBUG util.py:537:    Verifying  : perl-Test-Harness-3.28-3.el7.noarch                        78/93 
DEBUG util.py:537:    Verifying  : perl-Net-Daemon-0.48-5.el7.noarch                          79/93 
DEBUG util.py:537:    Verifying  : perl-Data-Dumper-2.145-3.el7.x86_64                        80/93 
DEBUG util.py:537:    Verifying  : systemtap-sdt-devel-4.0-13.el7.x86_64                      81/93 
DEBUG util.py:537:    Verifying  : zlib-devel-1.2.7-21.el7_9.x86_64                           82/93 
DEBUG util.py:537:    Verifying  : 4:perl-devel-5.16.3-299.el7_9.x86_64                       83/93 
DEBUG util.py:537:    Verifying  : pcre2-10.23-2.el7.x86_64                                   84/93 
DEBUG util.py:537:    Verifying  : perl-Term-UI-0.36-2.el7.noarch                             85/93 
DEBUG util.py:537:    Verifying  : 1:perl-Compress-Raw-Zlib-2.061-4.el7.x86_64                86/93 
DEBUG util.py:537:    Verifying  : 1:perl-Module-Loaded-0.08-299.el7_9.noarch                 87/93 
DEBUG util.py:537:    Verifying  : perl-CPANPLUS-Dist-Build-0.70-3.el7.noarch                 88/93 
DEBUG util.py:537:    Verifying  : perl-CPANPLUS-0.91.38-4.el7.noarch                         89/93 
DEBUG util.py:537:    Verifying  : 1:perl-Object-Accessor-0.42-299.el7_9.noarch               90/93 
DEBUG util.py:537:    Verifying  : pcre2-utf16-10.23-2.el7.x86_64                             91/93 
DEBUG util.py:537:    Verifying  : libkadm5-1.15.1-55.el7_9.x86_64                            92/93 
DEBUG util.py:537:    Verifying  : 1:perl-IO-Zlib-1.10-299.el7_9.noarch                       93/93 
DEBUG util.py:537:  Installed:
DEBUG util.py:537:    libzstd-devel.x86_64 0:1.5.5-1.el7                                            
DEBUG util.py:537:    modsecurity.x86_64 0:3.0.16-1.el7                                             
DEBUG util.py:537:    openssl-devel.x86_64 1:1.0.2k-26.el7_9                                        
DEBUG util.py:537:    pcre2-devel.x86_64 0:10.23-2.el7                                              
DEBUG util.py:537:    perl-IPC-Cmd.noarch 1:0.80-4.el7                                              
DEBUG util.py:537:    perl-Time-Piece.x86_64 0:1.20.1-299.el7_9                                     
DEBUG util.py:537:    perl-core.x86_64 0:5.16.3-299.el7_9                                           
DEBUG util.py:537:    zlib-devel.x86_64 0:1.2.7-21.el7_9                                            
DEBUG util.py:537:  Dependency Installed:
DEBUG util.py:537:    gdbm-devel.x86_64 0:1.10-8.el7                                                
DEBUG util.py:537:    keyutils-libs-devel.x86_64 0:1.5.8-3.el7                                      
DEBUG util.py:537:    krb5-devel.x86_64 0:1.15.1-55.el7_9                                           
DEBUG util.py:537:    libcom_err-devel.x86_64 0:1.42.9-19.el7                                       
DEBUG util.py:537:    libdb-devel.x86_64 0:5.3.21-25.el7                                            
DEBUG util.py:537:    libkadm5.x86_64 0:1.15.1-55.el7_9                                             
DEBUG util.py:537:    libselinux-devel.x86_64 0:2.5-15.el7                                          
DEBUG util.py:537:    libsepol-devel.x86_64 0:2.5-10.el7                                            
DEBUG util.py:537:    libverto-devel.x86_64 0:0.2.5-4.el7                                           
DEBUG util.py:537:    libzstd.x86_64 0:1.5.5-1.el7                                                  
DEBUG util.py:537:    lmdb-libs.x86_64 0:0.9.22-2.el7                                               
DEBUG util.py:537:    pcre-devel.x86_64 0:8.32-17.el7                                               
DEBUG util.py:537:    pcre2.x86_64 0:10.23-2.el7                                                    
DEBUG util.py:537:    pcre2-utf16.x86_64 0:10.23-2.el7                                              
DEBUG util.py:537:    pcre2-utf32.x86_64 0:10.23-2.el7                                              
DEBUG util.py:537:    perl-Archive-Extract.noarch 1:0.68-3.el7                                      
DEBUG util.py:537:    perl-Archive-Tar.noarch 0:1.92-3.el7                                          
DEBUG util.py:537:    perl-B-Lint.noarch 0:1.17-3.el7                                               
DEBUG util.py:537:    perl-CGI.noarch 0:3.63-4.el7                                                  
DEBUG util.py:537:    perl-CPAN.noarch 0:1.9800-299.el7_9                                           
DEBUG util.py:537:    perl-CPAN-Meta.noarch 0:2.120921-5.el7                                        
DEBUG util.py:537:    perl-CPAN-Meta-Requirements.noarch 0:2.122-7.el7                              
DEBUG util.py:537:    perl-CPAN-Meta-YAML.noarch 0:0.008-14.el7                                     
DEBUG util.py:537:    perl-CPANPLUS.noarch 0:0.91.38-4.el7                                          
DEBUG util.py:537:    perl-CPANPLUS-Dist-Build.noarch 0:0.70-3.el7                                  
DEBUG util.py:537:    perl-Compress-Raw-Bzip2.x86_64 0:2.061-3.el7                                  
DEBUG util.py:537:    perl-Compress-Raw-Zlib.x86_64 1:2.061-4.el7                                   
DEBUG util.py:537:    perl-DBD-SQLite.x86_64 0:1.39-3.el7                                           
DEBUG util.py:537:    perl-DBI.x86_64 0:1.627-4.el7                                                 
DEBUG util.py:537:    perl-DBIx-Simple.noarch 0:1.35-7.el7                                          
DEBUG util.py:537:    perl-DB_File.x86_64 0:1.830-6.el7                                             
DEBUG util.py:537:    perl-Data-Dumper.x86_64 0:2.145-3.el7                                         
DEBUG util.py:537:    perl-Digest.noarch 0:1.17-245.el7                                             
DEBUG util.py:537:    perl-Digest-MD5.x86_64 0:2.52-3.el7                                           
DEBUG util.py:537:    perl-Digest-SHA.x86_64 1:5.85-4.el7                                           
DEBUG util.py:537:    perl-Env.noarch 0:1.04-2.el7                                                  
DEBUG util.py:537:    perl-ExtUtils-CBuilder.noarch 1:0.28.2.6-299.el7_9                            
DEBUG util.py:537:    perl-ExtUtils-Embed.noarch 0:1.30-299.el7_9                                   
DEBUG util.py:537:    perl-ExtUtils-Install.noarch 0:1.58-299.el7_9                                 
DEBUG util.py:537:    perl-ExtUtils-MakeMaker.noarch 0:6.68-3.el7                                   
DEBUG util.py:537:    perl-ExtUtils-Manifest.noarch 0:1.61-244.el7                                  
DEBUG util.py:537:    perl-ExtUtils-ParseXS.noarch 1:3.18-3.el7                                     
DEBUG util.py:537:    perl-FCGI.x86_64 1:0.74-8.el7                                                 
DEBUG util.py:537:    perl-File-CheckTree.noarch 0:4.42-3.el7                                       
DEBUG util.py:537:    perl-File-Fetch.noarch 0:0.42-2.el7                                           
DEBUG util.py:537:    perl-IO-Compress.noarch 0:2.061-2.el7                                         
DEBUG util.py:537:    perl-IO-Zlib.noarch 1:1.10-299.el7_9                                          
DEBUG util.py:537:    perl-JSON-PP.noarch 0:2.27202-2.el7                                           
DEBUG util.py:537:    perl-Locale-Codes.noarch 0:3.26-2.el7                                         
DEBUG util.py:537:    perl-Locale-Maketext.noarch 0:1.23-3.el7                                      
DEBUG util.py:537:    perl-Locale-Maketext-Simple.noarch 1:0.21-299.el7_9                           
DEBUG util.py:537:    perl-Log-Message.noarch 1:0.08-3.el7                                          
DEBUG util.py:537:    perl-Log-Message-Simple.noarch 0:0.10-2.el7                                   
DEBUG util.py:537:    perl-Module-Build.noarch 2:0.40.05-2.el7                                      
DEBUG util.py:537:    perl-Module-CoreList.noarch 1:2.76.02-299.el7_9                               
DEBUG util.py:537:    perl-Module-Load.noarch 1:0.24-3.el7                                          
DEBUG util.py:537:    perl-Module-Load-Conditional.noarch 0:0.54-3.el7                              
DEBUG util.py:537:    perl-Module-Loaded.noarch 1:0.08-299.el7_9                                    
DEBUG util.py:537:    perl-Module-Metadata.noarch 0:1.000018-2.el7                                  
DEBUG util.py:537:    perl-Module-Pluggable.noarch 1:4.8-3.el7                                      
DEBUG util.py:537:    perl-Net-Daemon.noarch 0:0.48-5.el7                                           
DEBUG util.py:537:    perl-Object-Accessor.noarch 1:0.42-299.el7_9                                  
DEBUG util.py:537:    perl-Package-Constants.noarch 1:0.02-299.el7_9                                
DEBUG util.py:537:    perl-Params-Check.noarch 1:0.38-2.el7                                         
DEBUG util.py:537:    perl-Parse-CPAN-Meta.noarch 1:1.4404-5.el7                                    
DEBUG util.py:537:    perl-Perl-OSType.noarch 0:1.003-3.el7                                         
DEBUG util.py:537:    perl-PlRPC.noarch 0:0.2020-14.el7                                             
DEBUG util.py:537:    perl-Pod-Checker.noarch 0:1.60-2.el7                                          
DEBUG util.py:537:    perl-Pod-LaTeX.noarch 0:0.61-2.el7                                            
DEBUG util.py:537:    perl-Pod-Parser.noarch 0:1.61-2.el7                                           
DEBUG util.py:537:    perl-Sys-Syslog.x86_64 0:0.33-3.el7                                           
DEBUG util.py:537:    perl-Term-UI.noarch 0:0.36-2.el7                                              
DEBUG util.py:537:    perl-Test-Harness.noarch 0:3.28-3.el7                                         
DEBUG util.py:537:    perl-Test-Simple.noarch 0:0.98-243.el7                                        
DEBUG util.py:537:    perl-Text-Soundex.x86_64 0:3.04-4.el7                                         
DEBUG util.py:537:    perl-Text-Unidecode.noarch 0:0.04-20.el7                                      
DEBUG util.py:537:    perl-Version-Requirements.noarch 0:0.101022-244.el7                           
DEBUG util.py:537:    perl-autodie.noarch 0:2.16-2.el7                                              
DEBUG util.py:537:    perl-devel.x86_64 4:5.16.3-299.el7_9                                          
DEBUG util.py:537:    perl-local-lib.noarch 0:1.008010-4.el7                                        
DEBUG util.py:537:    perl-version.x86_64 3:0.99.07-6.el7                                           
DEBUG util.py:537:    pyparsing.noarch 0:1.5.6-9.el7                                                
DEBUG util.py:537:    python.x86_64 0:2.7.5-94.el7_9                                                
DEBUG util.py:537:    systemtap-sdt-devel.x86_64 0:4.0-13.el7                                       
DEBUG util.py:537:    yajl.x86_64 0:2.0.4-4.el7                                                     
DEBUG util.py:537:  Complete!
DEBUG util.py:688:  Child return code was: 0
DEBUG util.py:200:  kill orphans in chroot /var/lib/mock/centos+epel-7-x86_64/root
DEBUG util.py:200:  kill orphans in chroot /var/lib/mock/centos+epel-7-x86_64-bootstrap/root/var/lib/mock/centos+epel-7-x86_64/root
DEBUG util.py:717:  child environment: None
DEBUG util.py:636:  Executing command: ['/bin/umount', '-n', '-l', '/var/lib/mock/centos+epel-7-x86_64-bootstrap/root/var/lib/mock/centos+epel-7-x86_64/root'] with env {'TERM': 'vt100', 'SHELL': '/bin/sh', 'HOME': '/builddir', 'HOSTNAME': 'mock', 'PATH': '/usr/bin:/bin:/usr/sbin:/sbin', 'LANG': 'C.UTF-8'} and shell False
DEBUG util.py:688:  Child return code was: 0
DEBUG util.py:717:  child environment: None
DEBUG util.py:636:  Executing command: ['/bin/umount', '-n', '-l', '/var/lib/mock/centos+epel-7-x86_64-bootstrap/root/var/lib/mock/centos+epel-7-x86_64/root'] with env {'TERM': 'vt100', 'SHELL': '/bin/sh', 'HOME': '/builddir', 'HOSTNAME': 'mock', 'PATH': '/usr/bin:/bin:/usr/sbin:/sbin', 'LANG': 'C.UTF-8'} and shell False
DEBUG util.py:688:  Child return code was: 0
DEBUG util.py:717:  child environment: None
DEBUG util.py:636:  Executing command: ['/bin/umount', '-n', '-l', '/var/lib/mock/centos+epel-7-x86_64/root/sys/fs/selinux'] with env {'TERM': 'vt100', 'SHELL': '/bin/sh', 'HOME': '/builddir', 'HOSTNAME': 'mock', 'PATH': '/usr/bin:/bin:/usr/sbin:/sbin', 'LANG': 'C.UTF-8'} and shell False
DEBUG util.py:688:  Child return code was: 0
DEBUG util.py:717:  child environment: None
DEBUG util.py:636:  Executing command: ['/bin/umount', '-n', '/var/lib/mock/centos+epel-7-x86_64/root/proc/filesystems'] with env {'TERM': 'vt100', 'SHELL': '/bin/sh', 'HOME': '/builddir', 'HOSTNAME': 'mock', 'PATH': '/usr/bin:/bin:/usr/sbin:/sbin', 'LANG': 'C.UTF-8'} and shell False
DEBUG util.py:688:  Child return code was: 0
DEBUG util.py:717:  child environment: None
DEBUG util.py:636:  Executing command: ['/bin/umount', '-n', '-l', '/var/lib/mock/centos+epel-7-x86_64/root/dev/pts'] with env {'TERM': 'vt100', 'SHELL': '/bin/sh', 'HOME': '/builddir', 'HOSTNAME': 'mock', 'PATH': '/usr/bin:/bin:/usr/sbin:/sbin', 'LANG': 'C.UTF-8'} and shell False
DEBUG util.py:688:  Child return code was: 0
DEBUG util.py:717:  child environment: None
DEBUG util.py:636:  Executing command: ['/bin/umount', '-n', '-l', '/var/lib/mock/centos+epel-7-x86_64/root/dev/shm'] with env {'TERM': 'vt100', 'SHELL': '/bin/sh', 'HOME': '/builddir', 'HOSTNAME': 'mock', 'PATH': '/usr/bin:/bin:/usr/sbin:/sbin', 'LANG': 'C.UTF-8'} and shell False
DEBUG util.py:688:  Child return code was: 0
DEBUG util.py:717:  child environment: None
DEBUG util.py:636:  Executing command: ['/bin/umount', '-n', '-l', '/var/lib/mock/centos+epel-7-x86_64/root/sys'] with env {'TERM': 'vt100', 'SHELL': '/bin/sh', 'HOME': '/builddir', 'HOSTNAME': 'mock', 'PATH': '/usr/bin:/bin:/usr/sbin:/sbin', 'LANG': 'C.UTF-8'} and shell False
DEBUG util.py:688:  Child return code was: 0
DEBUG util.py:717:  child environment: None
DEBUG util.py:636:  Executing command: ['/bin/umount', '-n', '-l', '/var/lib/mock/centos+epel-7-x86_64/root/sys'] with env {'TERM': 'vt100', 'SHELL': '/bin/sh', 'HOME': '/builddir', 'HOSTNAME': 'mock', 'PATH': '/usr/bin:/bin:/usr/sbin:/sbin', 'LANG': 'C.UTF-8'} and shell False
DEBUG util.py:688:  Child return code was: 0
DEBUG util.py:717:  child environment: None
DEBUG util.py:636:  Executing command: ['/bin/umount', '-n', '-l', '/var/lib/mock/centos+epel-7-x86_64/root/proc'] with env {'TERM': 'vt100', 'SHELL': '/bin/sh', 'HOME': '/builddir', 'HOSTNAME': 'mock', 'PATH': '/usr/bin:/bin:/usr/sbin:/sbin', 'LANG': 'C.UTF-8'} and shell False
DEBUG util.py:688:  Child return code was: 0
DEBUG util.py:717:  child environment: None
DEBUG util.py:636:  Executing command: ['/bin/umount', '-n', '-l', '/var/lib/mock/centos+epel-7-x86_64/root/proc'] with env {'TERM': 'vt100', 'SHELL': '/bin/sh', 'HOME': '/builddir', 'HOSTNAME': 'mock', 'PATH': '/usr/bin:/bin:/usr/sbin:/sbin', 'LANG': 'C.UTF-8'} and shell False
DEBUG util.py:688:  Child return code was: 0
DEBUG file_util.py:17:  ensuring that dir exists: /var/lib/mock/centos+epel-7-x86_64-bootstrap/root/var/lib/mock/centos+epel-7-x86_64/root
DEBUG util.py:717:  child environment: None
DEBUG util.py:636:  Executing command: ['/bin/mount', '-n', '-t', 'tmpfs', '-o', 'private,mode=0755', 'tmpfs', '/var/lib/mock/centos+epel-7-x86_64-bootstrap/root/var/lib/mock/centos+epel-7-x86_64/root'] with env {'TERM': 'vt100', 'SHELL': '/bin/sh', 'HOME': '/builddir', 'HOSTNAME': 'mock', 'PATH': '/usr/bin:/bin:/usr/sbin:/sbin', 'LANG': 'C.UTF-8'} and shell False
DEBUG util.py:688:  Child return code was: 0
DEBUG file_util.py:17:  ensuring that dir exists: /var/lib/mock/centos+epel-7-x86_64-bootstrap/root/var/lib/mock/centos+epel-7-x86_64/root
DEBUG util.py:717:  child environment: None
DEBUG util.py:636:  Executing command: ['/bin/mount', '-n', '-o', 'rbind', '/var/lib/mock/centos+epel-7-x86_64/root', '/var/lib/mock/centos+epel-7-x86_64-bootstrap/root/var/lib/mock/centos+epel-7-x86_64/root'] with env {'TERM': 'vt100', 'SHELL': '/bin/sh', 'HOME': '/builddir', 'HOSTNAME': 'mock', 'PATH': '/usr/bin:/bin:/usr/sbin:/sbin', 'LANG': 'C.UTF-8'} and shell False
DEBUG util.py:688:  Child return code was: 0
DEBUG util.py:717:  child environment: None
DEBUG util.py:636:  Executing command: ['/bin/mount', '-n', '-o', 'remount,private,rbind', '--target', '/var/lib/mock/centos+epel-7-x86_64-bootstrap/root/var/lib/mock/centos+epel-7-x86_64/root'] with env {'TERM': 'vt100', 'SHELL': '/bin/sh', 'HOME': '/builddir', 'HOSTNAME': 'mock', 'PATH': '/usr/bin:/bin:/usr/sbin:/sbin', 'LANG': 'C.UTF-8'} and shell False
DEBUG util.py:688:  Child return code was: 0
DEBUG util.py:717:  child environment: None
DEBUG util.py:631:  Using nspawn with args ['--capability=cap_ipc_lock', '--resolv-conf=off']
DEBUG util.py:636:  Executing command: ['/usr/bin/systemd-nspawn', '-q', '-M', 'aba418e73751406798002293ea816415', '-D', '/var/lib/mock/centos+epel-7-x86_64-bootstrap/root', '-a', '--capability=cap_ipc_lock', '--resolv-conf=off', '--setenv=TERM=vt100', '--setenv=SHELL=/bin/bash', '--setenv=HOME=/builddir', '--setenv=HOSTNAME=mock', '--setenv=PATH=/usr/bin:/bin:/usr/sbin:/sbin', '--setenv=PROMPT_COMMAND=printf "\\033]0;<mock-chroot>\\007"', '--setenv=PS1=<mock-chroot> \\s-\\v\\$ ', '--setenv=LANG=C.UTF-8', '/bin/rpm', '-qa', '--root', '/var/lib/mock/centos+epel-7-x86_64/root'] with env {'TERM': 'vt100', 'SHELL': '/bin/bash', 'HOME': '/builddir', 'HOSTNAME': 'mock', 'PATH': '/usr/bin:/bin:/usr/sbin:/sbin', 'PROMPT_COMMAND': 'printf "\\033]0;<mock-chroot>\\007"', 'PS1': '<mock-chroot> \\s-\\v\\$ ', 'LANG': 'C.UTF-8', 'SYSTEMD_NSPAWN_TMPFS_TMP': '0', 'SYSTEMD_SECCOMP': '0'} and shell False
DEBUG util.py:537:  perl-CGI-3.63-4.el7.noarch
DEBUG util.py:537:  gpg-pubkey-352c64e5-52ae6884
DEBUG util.py:537:  keyutils-libs-devel-1.5.8-3.el7.x86_64
DEBUG util.py:537:  centos-release-7-9.2009.2.el7.centos.x86_64
DEBUG util.py:537:  libsepol-devel-2.5-10.el7.x86_64
DEBUG util.py:537:  filesystem-3.2-25.el7.x86_64
DEBUG util.py:537:  yajl-2.0.4-4.el7.x86_64
DEBUG util.py:537:  python-rpm-macros-3-34.el7.noarch
DEBUG util.py:537:  perl-Sys-Syslog-0.33-3.el7.x86_64
DEBUG util.py:537:  ncurses-base-5.9-14.20130511.el7_4.noarch
DEBUG util.py:537:  libverto-devel-0.2.5-4.el7.x86_64
DEBUG util.py:537:  kernel-headers-3.10.0-1160.119.1.el7.x86_64
DEBUG util.py:537:  openssl-devel-1.0.2k-26.el7_9.x86_64
DEBUG util.py:537:  nss-softokn-freebl-3.90.0-6.el7_9.x86_64
DEBUG util.py:537:  modsecurity-3.0.16-1.el7.x86_64
DEBUG util.py:537:  glibc-2.17-326.el7_9.3.x86_64
DEBUG util.py:537:  libzstd-devel-1.5.5-1.el7.x86_64
DEBUG util.py:537:  nss-util-3.90.0-1.el7_9.x86_64
DEBUG util.py:537:  ncurses-libs-5.9-14.20130511.el7_4.x86_64
DEBUG util.py:537:  libsepol-2.5-10.el7.x86_64
DEBUG util.py:537:  libselinux-2.5-15.el7.x86_64
DEBUG util.py:537:  info-5.1-5.el7.x86_64
DEBUG util.py:537:  xz-libs-5.2.2-2.el7_9.x86_64
DEBUG util.py:537:  libdb-5.3.21-25.el7.x86_64
DEBUG util.py:537:  gmp-6.0.0-15.el7.x86_64
DEBUG util.py:537:  libattr-2.4.46-13.el7.x86_64
DEBUG util.py:537:  libcap-2.22-11.el7.x86_64
DEBUG util.py:537:  libgpg-error-1.12-3.el7.x86_64
DEBUG util.py:537:  lua-5.1.4-15.el7.x86_64
DEBUG util.py:537:  mpfr-3.1.1-4.el7.x86_64
DEBUG util.py:537:  libffi-3.0.13-19.el7.x86_64
DEBUG util.py:537:  libcom_err-1.42.9-19.el7.x86_64
DEBUG util.py:537:  xz-5.2.2-2.el7_9.x86_64
DEBUG util.py:537:  findutils-4.5.11-6.el7.x86_64
DEBUG util.py:537:  cpio-2.11-28.el7.x86_64
DEBUG util.py:537:  expat-2.1.0-15.el7_9.x86_64
DEBUG util.py:537:  audit-libs-2.8.5-4.el7.x86_64
DEBUG util.py:537:  sqlite-3.7.17-8.el7_7.1.x86_64
DEBUG util.py:537:  tar-1.26-35.el7.x86_64
DEBUG util.py:537:  lz4-1.8.3-1.el7.x86_64
DEBUG util.py:537:  cpp-4.8.5-44.el7.x86_64
DEBUG util.py:537:  libassuan-2.1.0-3.el7.x86_64
DEBUG util.py:537:  patch-2.7.1-12.el7_7.x86_64
DEBUG util.py:537:  perl-parent-0.225-244.el7.noarch
DEBUG util.py:537:  perl-podlators-2.5.1-3.el7.noarch
DEBUG util.py:537:  perl-Pod-Escapes-1.04-299.el7_9.noarch
DEBUG util.py:537:  perl-Encode-2.51-7.el7.x86_64
DEBUG util.py:537:  perl-Time-HiRes-1.9725-3.el7.x86_64
DEBUG util.py:537:  perl-Storable-2.45-3.el7.x86_64
DEBUG util.py:537:  perl-Filter-1.49-3.el7.x86_64
DEBUG util.py:537:  perl-constant-1.27-2.el7.noarch
DEBUG util.py:537:  perl-macros-5.16.3-299.el7_9.x86_64
DEBUG util.py:537:  perl-File-Path-2.09-2.el7.noarch
DEBUG util.py:537:  perl-PathTools-3.40-5.el7.x86_64
DEBUG util.py:537:  perl-Scalar-List-Utils-1.27-248.el7.x86_64
DEBUG util.py:537:  perl-Pod-Simple-3.28-4.el7.noarch
DEBUG util.py:537:  perl-5.16.3-299.el7_9.x86_64
DEBUG util.py:537:  libdb-utils-5.3.21-25.el7.x86_64
DEBUG util.py:537:  kmod-libs-20-28.el7.x86_64
DEBUG util.py:537:  bzip2-1.0.6-13.el7.x86_64
DEBUG util.py:537:  zip-3.0-11.el7.x86_64
DEBUG util.py:537:  libgomp-4.8.5-44.el7.x86_64
DEBUG util.py:537:  glibc-devel-2.17-326.el7_9.3.x86_64
DEBUG util.py:537:  libstdc++-devel-4.8.5-44.el7.x86_64
DEBUG util.py:537:  libsmartcols-2.23.2-65.el7_9.1.x86_64
DEBUG util.py:537:  libsemanage-2.5-14.el7.x86_64
DEBUG util.py:537:  libtasn1-4.10-1.el7.x86_64
DEBUG util.py:537:  ca-certificates-2023.2.60_v7.0.306-72.el7_9.noarch
DEBUG util.py:537:  qrencode-libs-3.4.1-3.el7.x86_64
DEBUG util.py:537:  openssl-libs-1.0.2k-26.el7_9.x86_64
DEBUG util.py:537:  krb5-libs-1.15.1-55.el7_9.x86_64
DEBUG util.py:537:  gzip-1.5-11.el7_9.x86_64
DEBUG util.py:537:  libmount-2.23.2-65.el7_9.1.x86_64
DEBUG util.py:537:  shared-mime-info-1.8-5.el7.x86_64
DEBUG util.py:537:  shadow-utils-4.6-5.el7.x86_64
DEBUG util.py:537:  cracklib-dicts-2.9.0-11.el7.x86_64
DEBUG util.py:537:  libpwquality-1.2.3-5.el7.x86_64
DEBUG util.py:537:  gcc-4.8.5-44.el7.x86_64
DEBUG util.py:537:  nss-pem-1.0.3-7.el7_9.1.x86_64
DEBUG util.py:537:  nss-sysinit-3.90.0-2.el7_9.x86_64
DEBUG util.py:537:  python-libs-2.7.5-94.el7_9.x86_64
DEBUG util.py:537:  libssh2-1.8.0-4.el7_9.1.x86_64
DEBUG util.py:537:  curl-7.29.0-59.el7_9.2.x86_64
DEBUG util.py:537:  rpm-4.11.3-48.el7_9.x86_64
DEBUG util.py:537:  libuser-0.60-9.el7.x86_64
DEBUG util.py:537:  rpm-build-libs-4.11.3-48.el7_9.x86_64
DEBUG util.py:537:  lua-srpm-macros-1-13.el7.noarch
DEBUG util.py:537:  json-c-0.11-4.el7_0.x86_64
DEBUG util.py:537:  procps-ng-3.3.10-28.el7.x86_64
DEBUG util.py:537:  kpartx-0.4.9-136.el7_9.x86_64
DEBUG util.py:537:  cryptsetup-libs-2.0.3-6.el7.x86_64
DEBUG util.py:537:  kmod-20-28.el7.x86_64
DEBUG util.py:537:  systemd-libs-219-78.el7_9.9.x86_64
DEBUG util.py:537:  systemd-219-78.el7_9.9.x86_64
DEBUG util.py:537:  elfutils-default-yama-scope-0.176-5.el7.noarch
DEBUG util.py:537:  python2-rpm-macros-3-34.el7.noarch
DEBUG util.py:537:  rpm-build-4.11.3-48.el7_9.x86_64
DEBUG util.py:537:  make-3.82-24.el7.x86_64
DEBUG util.py:537:  epel-release-7-14.noarch
DEBUG util.py:537:  perl-version-0.99.07-6.el7.x86_64
DEBUG util.py:537:  perl-Module-Load-0.24-3.el7.noarch
DEBUG util.py:537:  perl-Module-Metadata-1.000018-2.el7.noarch
DEBUG util.py:537:  perl-Package-Constants-0.02-299.el7_9.noarch
DEBUG util.py:537:  perl-CPAN-Meta-YAML-0.008-14.el7.noarch
DEBUG util.py:537:  perl-Digest-1.17-245.el7.noarch
DEBUG util.py:537:  perl-Digest-SHA-5.85-4.el7.x86_64
DEBUG util.py:537:  perl-JSON-PP-2.27202-2.el7.noarch
DEBUG util.py:537:  perl-CPAN-Meta-2.120921-5.el7.noarch
DEBUG util.py:537:  perl-Compress-Raw-Zlib-2.061-4.el7.x86_64
DEBUG util.py:537:  python-2.7.5-94.el7_9.x86_64
DEBUG util.py:537:  perl-IO-Compress-2.061-2.el7.noarch
DEBUG util.py:537:  perl-Locale-Maketext-1.23-3.el7.noarch
DEBUG util.py:537:  perl-Params-Check-0.38-2.el7.noarch
DEBUG util.py:537:  perl-Log-Message-0.08-3.el7.noarch
DEBUG util.py:537:  perl-Log-Message-Simple-0.10-2.el7.noarch
DEBUG util.py:537:  perl-Archive-Tar-1.92-3.el7.noarch
DEBUG util.py:537:  systemtap-sdt-devel-4.0-13.el7.x86_64
DEBUG util.py:537:  perl-Pod-LaTeX-0.61-2.el7.noarch
DEBUG util.py:537:  perl-B-Lint-1.17-3.el7.noarch
DEBUG util.py:537:  perl-Version-Requirements-0.101022-244.el7.noarch
DEBUG util.py:537:  pcre2-utf16-10.23-2.el7.x86_64
DEBUG util.py:537:  perl-Net-Daemon-0.48-5.el7.noarch
DEBUG util.py:537:  perl-DBI-1.627-4.el7.x86_64
DEBUG util.py:537:  perl-DBD-SQLite-1.39-3.el7.x86_64
DEBUG util.py:537:  lmdb-libs-0.9.22-2.el7.x86_64
DEBUG util.py:537:  perl-Text-Unidecode-0.04-20.el7.noarch
DEBUG util.py:537:  perl-Time-Piece-1.20.1-299.el7_9.x86_64
DEBUG util.py:537:  gdbm-devel-1.10-8.el7.x86_64
DEBUG util.py:537:  libdb-devel-5.3.21-25.el7.x86_64
DEBUG util.py:537:  perl-ExtUtils-ParseXS-3.18-3.el7.noarch
DEBUG util.py:537:  perl-ExtUtils-Install-1.58-299.el7_9.noarch
DEBUG util.py:537:  perl-ExtUtils-CBuilder-0.28.2.6-299.el7_9.noarch
DEBUG util.py:537:  perl-File-Fetch-0.42-2.el7.noarch
DEBUG util.py:537:  perl-CPANPLUS-0.91.38-4.el7.noarch
DEBUG util.py:537:  perl-ExtUtils-Embed-1.30-299.el7_9.noarch
DEBUG util.py:537:  pcre2-utf32-10.23-2.el7.x86_64
DEBUG util.py:537:  perl-FCGI-0.74-8.el7.x86_64
DEBUG util.py:537:  gpg-pubkey-f4a80eb5-53a7ff4b
DEBUG util.py:537:  perl-Env-1.04-2.el7.noarch
DEBUG util.py:537:  libgcc-4.8.5-44.el7.x86_64
DEBUG util.py:537:  perl-File-CheckTree-4.42-3.el7.noarch
DEBUG util.py:537:  setup-2.8.71-11.el7.noarch
DEBUG util.py:537:  libselinux-devel-2.5-15.el7.x86_64
DEBUG util.py:537:  python-srpm-macros-3-34.el7.noarch
DEBUG util.py:537:  perl-autodie-2.16-2.el7.noarch
DEBUG util.py:537:  basesystem-10.0-7.el7.centos.noarch
DEBUG util.py:537:  perl-Locale-Codes-3.26-2.el7.noarch
DEBUG util.py:537:  perl-srpm-macros-1-8.el7.noarch
DEBUG util.py:537:  krb5-devel-1.15.1-55.el7_9.x86_64
DEBUG util.py:537:  tzdata-2024a-1.el7.noarch
DEBUG util.py:537:  perl-core-5.16.3-299.el7_9.x86_64
DEBUG util.py:537:  glibc-common-2.17-326.el7_9.3.x86_64
DEBUG util.py:537:  pcre2-devel-10.23-2.el7.x86_64
DEBUG util.py:537:  nspr-4.35.0-1.el7_9.x86_64
DEBUG util.py:537:  libstdc++-4.8.5-44.el7.x86_64
DEBUG util.py:537:  bash-4.2.46-35.el7_9.x86_64
DEBUG util.py:537:  pcre-8.32-17.el7.x86_64
DEBUG util.py:537:  zlib-1.2.7-21.el7_9.x86_64
DEBUG util.py:537:  bzip2-libs-1.0.6-13.el7.x86_64
DEBUG util.py:537:  elfutils-libelf-0.176-5.el7.x86_64
DEBUG util.py:537:  sed-4.2.2-7.el7.x86_64
DEBUG util.py:537:  popt-1.13-16.el7.x86_64
DEBUG util.py:537:  libacl-2.2.51-15.el7.x86_64
DEBUG util.py:537:  readline-6.2-11.el7.x86_64
DEBUG util.py:537:  libgcrypt-1.5.3-14.el7.x86_64
DEBUG util.py:537:  chkconfig-1.7.6-1.el7.x86_64
DEBUG util.py:537:  grep-2.20-3.el7.x86_64
DEBUG util.py:537:  libuuid-2.23.2-65.el7_9.1.x86_64
DEBUG util.py:537:  libmpc-1.0.1-3.el7.x86_64
DEBUG util.py:537:  gawk-4.0.2-4.el7_3.1.x86_64
DEBUG util.py:537:  diffutils-3.3-6.el7_9.x86_64
DEBUG util.py:537:  file-libs-5.11-37.el7.x86_64
DEBUG util.py:537:  libcap-ng-0.7.5-4.el7.x86_64
DEBUG util.py:537:  p11-kit-0.23.5-3.el7.x86_64
DEBUG util.py:537:  nss-softokn-3.90.0-6.el7_9.x86_64
DEBUG util.py:537:  gdbm-1.10-8.el7.x86_64
DEBUG util.py:537:  file-5.11-37.el7.x86_64
DEBUG util.py:537:  pinentry-0.8.1-17.el7.x86_64
DEBUG util.py:537:  acl-2.2.51-15.el7.x86_64
DEBUG util.py:537:  groff-base-1.22.2-8.el7.x86_64
DEBUG util.py:537:  perl-HTTP-Tiny-0.033-3.el7.noarch
DEBUG util.py:537:  perl-Pod-Perldoc-3.20-4.el7.noarch
DEBUG util.py:537:  perl-Text-ParseWords-3.29-4.el7.noarch
DEBUG util.py:537:  perl-Pod-Usage-1.63-3.el7.noarch
DEBUG util.py:537:  perl-threads-1.87-4.el7.x86_64
DEBUG util.py:537:  perl-Carp-1.26-244.el7.noarch
DEBUG util.py:537:  perl-Exporter-5.68-3.el7.noarch
DEBUG util.py:537:  perl-Socket-2.010-5.el7.x86_64
DEBUG util.py:537:  perl-Time-Local-1.2300-2.el7.noarch
DEBUG util.py:537:  perl-File-Temp-0.23.01-3.el7.noarch
DEBUG util.py:537:  perl-threads-shared-1.43-6.el7.x86_64
DEBUG util.py:537:  perl-libs-5.16.3-299.el7_9.x86_64
DEBUG util.py:537:  perl-Getopt-Long-2.40-3.el7.noarch
DEBUG util.py:537:  perl-Thread-Queue-3.02-2.el7.noarch
DEBUG util.py:537:  dwz-0.11-3.el7.x86_64
DEBUG util.py:537:  libxml2-2.9.1-6.el7_9.6.x86_64
DEBUG util.py:537:  unzip-6.0-24.el7_9.x86_64
DEBUG util.py:537:  libidn-1.28-4.el7.x86_64
DEBUG util.py:537:  glibc-headers-2.17-326.el7_9.3.x86_64
DEBUG util.py:537:  ncurses-5.9-14.20130511.el7_4.x86_64
DEBUG util.py:537:  pth-2.0.7-23.el7.x86_64
DEBUG util.py:537:  ustr-1.0.4-16.el7.x86_64
DEBUG util.py:537:  libverto-0.2.5-4.el7.x86_64
DEBUG util.py:537:  p11-kit-trust-0.23.5-3.el7.x86_64
DEBUG util.py:537:  hardlink-1.0-19.el7.x86_64
DEBUG util.py:537:  keyutils-libs-1.5.8-3.el7.x86_64
DEBUG util.py:537:  coreutils-8.22-24.el7_9.2.x86_64
DEBUG util.py:537:  libblkid-2.23.2-65.el7_9.1.x86_64
DEBUG util.py:537:  cracklib-2.9.0-11.el7.x86_64
DEBUG util.py:537:  glib2-2.56.1-9.el7_9.x86_64
DEBUG util.py:537:  binutils-2.27-44.base.el7_9.1.x86_64
DEBUG util.py:537:  pkgconfig-0.27.1-4.el7.x86_64
DEBUG util.py:537:  pam-1.1.8-23.el7.x86_64
DEBUG util.py:537:  libutempter-1.1.6-4.el7.x86_64
DEBUG util.py:537:  cyrus-sasl-lib-2.1.26-24.el7_9.x86_64
DEBUG util.py:537:  nss-3.90.0-2.el7_9.x86_64
DEBUG util.py:537:  nss-tools-3.90.0-2.el7_9.x86_64
DEBUG util.py:537:  gdb-7.6.1-120.el7.x86_64
DEBUG util.py:537:  libcurl-7.29.0-59.el7_9.2.x86_64
DEBUG util.py:537:  rpm-libs-4.11.3-48.el7_9.x86_64
DEBUG util.py:537:  openldap-2.4.44-25.el7_9.x86_64
DEBUG util.py:537:  gnupg2-2.0.22-5.el7_5.x86_64
DEBUG util.py:537:  perl-generators-epel-1-1.el7.noarch
DEBUG util.py:537:  redhat-rpm-config-9.1.0-88.el7.centos.noarch
DEBUG util.py:537:  util-linux-2.23.2-65.el7_9.1.x86_64
DEBUG util.py:537:  device-mapper-1.02.170-6.el7_9.5.x86_64
DEBUG util.py:537:  device-mapper-libs-1.02.170-6.el7_9.5.x86_64
DEBUG util.py:537:  dracut-033-572.el7.x86_64
DEBUG util.py:537:  elfutils-libs-0.176-5.el7.x86_64
DEBUG util.py:537:  dbus-libs-1.10.24-15.el7.x86_64
DEBUG util.py:537:  dbus-1.10.24-15.el7.x86_64
DEBUG util.py:537:  elfutils-0.176-5.el7.x86_64
DEBUG util.py:537:  epel-rpm-macros-7-38.noarch
DEBUG util.py:537:  gcc-c++-4.8.5-44.el7.x86_64
DEBUG util.py:537:  which-2.20-7.el7.x86_64
DEBUG util.py:537:  perl-Data-Dumper-2.145-3.el7.x86_64
DEBUG util.py:537:  perl-Test-Harness-3.28-3.el7.noarch
DEBUG util.py:537:  perl-Module-CoreList-2.76.02-299.el7_9.noarch
DEBUG util.py:537:  perl-Module-Pluggable-4.8-3.el7.noarch
DEBUG util.py:537:  perl-Perl-OSType-1.003-3.el7.noarch
DEBUG util.py:537:  perl-ExtUtils-Manifest-1.61-244.el7.noarch
DEBUG util.py:537:  perl-Pod-Parser-1.61-2.el7.noarch
DEBUG util.py:537:  perl-CPAN-Meta-Requirements-2.122-7.el7.noarch
DEBUG util.py:537:  perl-Parse-CPAN-Meta-1.4404-5.el7.noarch
DEBUG util.py:537:  perl-Module-Loaded-0.08-299.el7_9.noarch
DEBUG util.py:537:  pcre2-10.23-2.el7.x86_64
DEBUG util.py:537:  perl-Compress-Raw-Bzip2-2.061-3.el7.x86_64
DEBUG util.py:537:  perl-IO-Zlib-1.10-299.el7_9.noarch
DEBUG util.py:537:  perl-Locale-Maketext-Simple-0.21-299.el7_9.noarch
DEBUG util.py:537:  perl-Module-Load-Conditional-0.54-3.el7.noarch
DEBUG util.py:537:  perl-Object-Accessor-0.42-299.el7_9.noarch
DEBUG util.py:537:  perl-Term-UI-0.36-2.el7.noarch
DEBUG util.py:537:  pyparsing-1.5.6-9.el7.noarch
DEBUG util.py:537:  perl-Pod-Checker-1.60-2.el7.noarch
DEBUG util.py:537:  perl-Digest-MD5-2.52-3.el7.x86_64
DEBUG util.py:537:  perl-Test-Simple-0.98-243.el7.noarch
DEBUG util.py:537:  libkadm5-1.15.1-55.el7_9.x86_64
DEBUG util.py:537:  zlib-devel-1.2.7-21.el7_9.x86_64
DEBUG util.py:537:  perl-PlRPC-0.2020-14.el7.noarch
DEBUG util.py:537:  perl-DBIx-Simple-1.35-7.el7.noarch
DEBUG util.py:537:  perl-local-lib-1.008010-4.el7.noarch
DEBUG util.py:537:  libcom_err-devel-1.42.9-19.el7.x86_64
DEBUG util.py:537:  perl-Text-Soundex-3.04-4.el7.x86_64
DEBUG util.py:537:  libzstd-1.5.5-1.el7.x86_64
DEBUG util.py:537:  pcre-devel-8.32-17.el7.x86_64
DEBUG util.py:537:  perl-ExtUtils-MakeMaker-6.68-3.el7.noarch
DEBUG util.py:537:  perl-devel-5.16.3-299.el7_9.x86_64
DEBUG util.py:537:  perl-IPC-Cmd-0.80-4.el7.noarch
DEBUG util.py:537:  perl-Module-Build-0.40.05-2.el7.noarch
DEBUG util.py:537:  perl-Archive-Extract-0.68-3.el7.noarch
DEBUG util.py:537:  perl-CPANPLUS-Dist-Build-0.70-3.el7.noarch
DEBUG util.py:537:  perl-CPAN-1.9800-299.el7_9.noarch
DEBUG util.py:537:  perl-DB_File-1.830-6.el7.x86_64
DEBUG util.py:688:  Child return code was: 0
DEBUG util.py:200:  kill orphans in chroot /var/lib/mock/centos+epel-7-x86_64/root
DEBUG util.py:200:  kill orphans in chroot /var/lib/mock/centos+epel-7-x86_64-bootstrap/root/var/lib/mock/centos+epel-7-x86_64/root
DEBUG util.py:717:  child environment: None
DEBUG util.py:636:  Executing command: ['/bin/umount', '-n', '-l', '/var/lib/mock/centos+epel-7-x86_64-bootstrap/root/var/lib/mock/centos+epel-7-x86_64/root'] with env {'TERM': 'vt100', 'SHELL': '/bin/sh', 'HOME': '/builddir', 'HOSTNAME': 'mock', 'PATH': '/usr/bin:/bin:/usr/sbin:/sbin', 'LANG': 'C.UTF-8'} and shell False
DEBUG util.py:688:  Child return code was: 0
DEBUG util.py:717:  child environment: None
DEBUG util.py:636:  Executing command: ['/bin/umount', '-n', '-l', '/var/lib/mock/centos+epel-7-x86_64-bootstrap/root/var/lib/mock/centos+epel-7-x86_64/root'] with env {'TERM': 'vt100', 'SHELL': '/bin/sh', 'HOME': '/builddir', 'HOSTNAME': 'mock', 'PATH': '/usr/bin:/bin:/usr/sbin:/sbin', 'LANG': 'C.UTF-8'} and shell False
DEBUG util.py:688:  Child return code was: 0
DEBUG file_util.py:17:  ensuring that dir exists: /var/lib/mock/centos+epel-7-x86_64-bootstrap/root/var/lib/mock/centos+epel-7-x86_64/root
DEBUG util.py:717:  child environment: None
DEBUG util.py:636:  Executing command: ['/bin/mount', '-n', '-t', 'tmpfs', '-o', 'private,mode=0755', 'tmpfs', '/var/lib/mock/centos+epel-7-x86_64-bootstrap/root/var/lib/mock/centos+epel-7-x86_64/root'] with env {'TERM': 'vt100', 'SHELL': '/bin/sh', 'HOME': '/builddir', 'HOSTNAME': 'mock', 'PATH': '/usr/bin:/bin:/usr/sbin:/sbin', 'LANG': 'C.UTF-8'} and shell False
DEBUG util.py:688:  Child return code was: 0
DEBUG file_util.py:17:  ensuring that dir exists: /var/lib/mock/centos+epel-7-x86_64-bootstrap/root/var/lib/mock/centos+epel-7-x86_64/root
DEBUG util.py:717:  child environment: None
DEBUG util.py:636:  Executing command: ['/bin/mount', '-n', '-o', 'rbind', '/var/lib/mock/centos+epel-7-x86_64/root', '/var/lib/mock/centos+epel-7-x86_64-bootstrap/root/var/lib/mock/centos+epel-7-x86_64/root'] with env {'TERM': 'vt100', 'SHELL': '/bin/sh', 'HOME': '/builddir', 'HOSTNAME': 'mock', 'PATH': '/usr/bin:/bin:/usr/sbin:/sbin', 'LANG': 'C.UTF-8'} and shell False
DEBUG util.py:688:  Child return code was: 0
DEBUG util.py:717:  child environment: None
DEBUG util.py:636:  Executing command: ['/bin/mount', '-n', '-o', 'remount,private,rbind', '--target', '/var/lib/mock/centos+epel-7-x86_64-bootstrap/root/var/lib/mock/centos+epel-7-x86_64/root'] with env {'TERM': 'vt100', 'SHELL': '/bin/sh', 'HOME': '/builddir', 'HOSTNAME': 'mock', 'PATH': '/usr/bin:/bin:/usr/sbin:/sbin', 'LANG': 'C.UTF-8'} and shell False
DEBUG util.py:688:  Child return code was: 0
DEBUG util.py:717:  child environment: None
DEBUG util.py:631:  Using nspawn with args ['--capability=cap_ipc_lock', '--resolv-conf=off']
DEBUG util.py:636:  Executing command: ['/usr/bin/systemd-nspawn', '-q', '-M', '36d7b8a5d28c463182ee1d7a38b868f9', '-D', '/var/lib/mock/centos+epel-7-x86_64-bootstrap/root', '-a', '--capability=cap_ipc_lock', '--resolv-conf=off', '--setenv=TERM=vt100', '--setenv=SHELL=/bin/bash', '--setenv=HOME=/builddir', '--setenv=HOSTNAME=mock', '--setenv=PATH=/usr/bin:/bin:/usr/sbin:/sbin', '--setenv=PROMPT_COMMAND=printf "\\033]0;<mock-chroot>\\007"', '--setenv=PS1=<mock-chroot> \\s-\\v\\$ ', '--setenv=LANG=C.UTF-8', '/bin/rpm', '-qa', '--root', '/var/lib/mock/centos+epel-7-x86_64/root'] with env {'TERM': 'vt100', 'SHELL': '/bin/bash', 'HOME': '/builddir', 'HOSTNAME': 'mock', 'PATH': '/usr/bin:/bin:/usr/sbin:/sbin', 'PROMPT_COMMAND': 'printf "\\033]0;<mock-chroot>\\007"', 'PS1': '<mock-chroot> \\s-\\v\\$ ', 'LANG': 'C.UTF-8', 'SYSTEMD_NSPAWN_TMPFS_TMP': '0', 'SYSTEMD_SECCOMP': '0'} and shell False
DEBUG util.py:537:  perl-CGI-3.63-4.el7.noarch
DEBUG util.py:537:  gpg-pubkey-352c64e5-52ae6884
DEBUG util.py:537:  keyutils-libs-devel-1.5.8-3.el7.x86_64
DEBUG util.py:537:  centos-release-7-9.2009.2.el7.centos.x86_64
DEBUG util.py:537:  libsepol-devel-2.5-10.el7.x86_64
DEBUG util.py:537:  filesystem-3.2-25.el7.x86_64
DEBUG util.py:537:  yajl-2.0.4-4.el7.x86_64
DEBUG util.py:537:  python-rpm-macros-3-34.el7.noarch
DEBUG util.py:537:  perl-Sys-Syslog-0.33-3.el7.x86_64
DEBUG util.py:537:  ncurses-base-5.9-14.20130511.el7_4.noarch
DEBUG util.py:537:  libverto-devel-0.2.5-4.el7.x86_64
DEBUG util.py:537:  kernel-headers-3.10.0-1160.119.1.el7.x86_64
DEBUG util.py:537:  openssl-devel-1.0.2k-26.el7_9.x86_64
DEBUG util.py:537:  nss-softokn-freebl-3.90.0-6.el7_9.x86_64
DEBUG util.py:537:  modsecurity-3.0.16-1.el7.x86_64
DEBUG util.py:537:  glibc-2.17-326.el7_9.3.x86_64
DEBUG util.py:537:  libzstd-devel-1.5.5-1.el7.x86_64
DEBUG util.py:537:  nss-util-3.90.0-1.el7_9.x86_64
DEBUG util.py:537:  ncurses-libs-5.9-14.20130511.el7_4.x86_64
DEBUG util.py:537:  libsepol-2.5-10.el7.x86_64
DEBUG util.py:537:  libselinux-2.5-15.el7.x86_64
DEBUG util.py:537:  info-5.1-5.el7.x86_64
DEBUG util.py:537:  xz-libs-5.2.2-2.el7_9.x86_64
DEBUG util.py:537:  libdb-5.3.21-25.el7.x86_64
DEBUG util.py:537:  gmp-6.0.0-15.el7.x86_64
DEBUG util.py:537:  libattr-2.4.46-13.el7.x86_64
DEBUG util.py:537:  libcap-2.22-11.el7.x86_64
DEBUG util.py:537:  libgpg-error-1.12-3.el7.x86_64
DEBUG util.py:537:  lua-5.1.4-15.el7.x86_64
DEBUG util.py:537:  mpfr-3.1.1-4.el7.x86_64
DEBUG util.py:537:  libffi-3.0.13-19.el7.x86_64
DEBUG util.py:537:  libcom_err-1.42.9-19.el7.x86_64
DEBUG util.py:537:  xz-5.2.2-2.el7_9.x86_64
DEBUG util.py:537:  findutils-4.5.11-6.el7.x86_64
DEBUG util.py:537:  cpio-2.11-28.el7.x86_64
DEBUG util.py:537:  expat-2.1.0-15.el7_9.x86_64
DEBUG util.py:537:  audit-libs-2.8.5-4.el7.x86_64
DEBUG util.py:537:  sqlite-3.7.17-8.el7_7.1.x86_64
DEBUG util.py:537:  tar-1.26-35.el7.x86_64
DEBUG util.py:537:  lz4-1.8.3-1.el7.x86_64
DEBUG util.py:537:  cpp-4.8.5-44.el7.x86_64
DEBUG util.py:537:  libassuan-2.1.0-3.el7.x86_64
DEBUG util.py:537:  patch-2.7.1-12.el7_7.x86_64
DEBUG util.py:537:  perl-parent-0.225-244.el7.noarch
DEBUG util.py:537:  perl-podlators-2.5.1-3.el7.noarch
DEBUG util.py:537:  perl-Pod-Escapes-1.04-299.el7_9.noarch
DEBUG util.py:537:  perl-Encode-2.51-7.el7.x86_64
DEBUG util.py:537:  perl-Time-HiRes-1.9725-3.el7.x86_64
DEBUG util.py:537:  perl-Storable-2.45-3.el7.x86_64
DEBUG util.py:537:  perl-Filter-1.49-3.el7.x86_64
DEBUG util.py:537:  perl-constant-1.27-2.el7.noarch
DEBUG util.py:537:  perl-macros-5.16.3-299.el7_9.x86_64
DEBUG util.py:537:  perl-File-Path-2.09-2.el7.noarch
DEBUG util.py:537:  perl-PathTools-3.40-5.el7.x86_64
DEBUG util.py:537:  perl-Scalar-List-Utils-1.27-248.el7.x86_64
DEBUG util.py:537:  perl-Pod-Simple-3.28-4.el7.noarch
DEBUG util.py:537:  perl-5.16.3-299.el7_9.x86_64
DEBUG util.py:537:  libdb-utils-5.3.21-25.el7.x86_64
DEBUG util.py:537:  kmod-libs-20-28.el7.x86_64
DEBUG util.py:537:  bzip2-1.0.6-13.el7.x86_64
DEBUG util.py:537:  zip-3.0-11.el7.x86_64
DEBUG util.py:537:  libgomp-4.8.5-44.el7.x86_64
DEBUG util.py:537:  glibc-devel-2.17-326.el7_9.3.x86_64
DEBUG util.py:537:  libstdc++-devel-4.8.5-44.el7.x86_64
DEBUG util.py:537:  libsmartcols-2.23.2-65.el7_9.1.x86_64
DEBUG util.py:537:  libsemanage-2.5-14.el7.x86_64
DEBUG util.py:537:  libtasn1-4.10-1.el7.x86_64
DEBUG util.py:537:  ca-certificates-2023.2.60_v7.0.306-72.el7_9.noarch
DEBUG util.py:537:  qrencode-libs-3.4.1-3.el7.x86_64
DEBUG util.py:537:  openssl-libs-1.0.2k-26.el7_9.x86_64
DEBUG util.py:537:  krb5-libs-1.15.1-55.el7_9.x86_64
DEBUG util.py:537:  gzip-1.5-11.el7_9.x86_64
DEBUG util.py:537:  libmount-2.23.2-65.el7_9.1.x86_64
DEBUG util.py:537:  shared-mime-info-1.8-5.el7.x86_64
DEBUG util.py:537:  shadow-utils-4.6-5.el7.x86_64
DEBUG util.py:537:  cracklib-dicts-2.9.0-11.el7.x86_64
DEBUG util.py:537:  libpwquality-1.2.3-5.el7.x86_64
DEBUG util.py:537:  gcc-4.8.5-44.el7.x86_64
DEBUG util.py:537:  nss-pem-1.0.3-7.el7_9.1.x86_64
DEBUG util.py:537:  nss-sysinit-3.90.0-2.el7_9.x86_64
DEBUG util.py:537:  python-libs-2.7.5-94.el7_9.x86_64
DEBUG util.py:537:  libssh2-1.8.0-4.el7_9.1.x86_64
DEBUG util.py:537:  curl-7.29.0-59.el7_9.2.x86_64
DEBUG util.py:537:  rpm-4.11.3-48.el7_9.x86_64
DEBUG util.py:537:  libuser-0.60-9.el7.x86_64
DEBUG util.py:537:  rpm-build-libs-4.11.3-48.el7_9.x86_64
DEBUG util.py:537:  lua-srpm-macros-1-13.el7.noarch
DEBUG util.py:537:  json-c-0.11-4.el7_0.x86_64
DEBUG util.py:537:  procps-ng-3.3.10-28.el7.x86_64
DEBUG util.py:537:  kpartx-0.4.9-136.el7_9.x86_64
DEBUG util.py:537:  cryptsetup-libs-2.0.3-6.el7.x86_64
DEBUG util.py:537:  kmod-20-28.el7.x86_64
DEBUG util.py:537:  systemd-libs-219-78.el7_9.9.x86_64
DEBUG util.py:537:  systemd-219-78.el7_9.9.x86_64
DEBUG util.py:537:  elfutils-default-yama-scope-0.176-5.el7.noarch
DEBUG util.py:537:  python2-rpm-macros-3-34.el7.noarch
DEBUG util.py:537:  rpm-build-4.11.3-48.el7_9.x86_64
DEBUG util.py:537:  make-3.82-24.el7.x86_64
DEBUG util.py:537:  epel-release-7-14.noarch
DEBUG util.py:537:  perl-version-0.99.07-6.el7.x86_64
DEBUG util.py:537:  perl-Module-Load-0.24-3.el7.noarch
DEBUG util.py:537:  perl-Module-Metadata-1.000018-2.el7.noarch
DEBUG util.py:537:  perl-Package-Constants-0.02-299.el7_9.noarch
DEBUG util.py:537:  perl-CPAN-Meta-YAML-0.008-14.el7.noarch
DEBUG util.py:537:  perl-Digest-1.17-245.el7.noarch
DEBUG util.py:537:  perl-Digest-SHA-5.85-4.el7.x86_64
DEBUG util.py:537:  perl-JSON-PP-2.27202-2.el7.noarch
DEBUG util.py:537:  perl-CPAN-Meta-2.120921-5.el7.noarch
DEBUG util.py:537:  perl-Compress-Raw-Zlib-2.061-4.el7.x86_64
DEBUG util.py:537:  python-2.7.5-94.el7_9.x86_64
DEBUG util.py:537:  perl-IO-Compress-2.061-2.el7.noarch
DEBUG util.py:537:  perl-Locale-Maketext-1.23-3.el7.noarch
DEBUG util.py:537:  perl-Params-Check-0.38-2.el7.noarch
DEBUG util.py:537:  perl-Log-Message-0.08-3.el7.noarch
DEBUG util.py:537:  perl-Log-Message-Simple-0.10-2.el7.noarch
DEBUG util.py:537:  perl-Archive-Tar-1.92-3.el7.noarch
DEBUG util.py:537:  systemtap-sdt-devel-4.0-13.el7.x86_64
DEBUG util.py:537:  perl-Pod-LaTeX-0.61-2.el7.noarch
DEBUG util.py:537:  perl-B-Lint-1.17-3.el7.noarch
DEBUG util.py:537:  perl-Version-Requirements-0.101022-244.el7.noarch
DEBUG util.py:537:  pcre2-utf16-10.23-2.el7.x86_64
DEBUG util.py:537:  perl-Net-Daemon-0.48-5.el7.noarch
DEBUG util.py:537:  perl-DBI-1.627-4.el7.x86_64
DEBUG util.py:537:  perl-DBD-SQLite-1.39-3.el7.x86_64
DEBUG util.py:537:  lmdb-libs-0.9.22-2.el7.x86_64
DEBUG util.py:537:  perl-Text-Unidecode-0.04-20.el7.noarch
DEBUG util.py:537:  perl-Time-Piece-1.20.1-299.el7_9.x86_64
DEBUG util.py:537:  gdbm-devel-1.10-8.el7.x86_64
DEBUG util.py:537:  libdb-devel-5.3.21-25.el7.x86_64
DEBUG util.py:537:  perl-ExtUtils-ParseXS-3.18-3.el7.noarch
DEBUG util.py:537:  perl-ExtUtils-Install-1.58-299.el7_9.noarch
DEBUG util.py:537:  perl-ExtUtils-CBuilder-0.28.2.6-299.el7_9.noarch
DEBUG util.py:537:  perl-File-Fetch-0.42-2.el7.noarch
DEBUG util.py:537:  perl-CPANPLUS-0.91.38-4.el7.noarch
DEBUG util.py:537:  perl-ExtUtils-Embed-1.30-299.el7_9.noarch
DEBUG util.py:537:  pcre2-utf32-10.23-2.el7.x86_64
DEBUG util.py:537:  perl-FCGI-0.74-8.el7.x86_64
DEBUG util.py:537:  gpg-pubkey-f4a80eb5-53a7ff4b
DEBUG util.py:537:  perl-Env-1.04-2.el7.noarch
DEBUG util.py:537:  libgcc-4.8.5-44.el7.x86_64
DEBUG util.py:537:  perl-File-CheckTree-4.42-3.el7.noarch
DEBUG util.py:537:  setup-2.8.71-11.el7.noarch
DEBUG util.py:537:  libselinux-devel-2.5-15.el7.x86_64
DEBUG util.py:537:  python-srpm-macros-3-34.el7.noarch
DEBUG util.py:537:  perl-autodie-2.16-2.el7.noarch
DEBUG util.py:537:  basesystem-10.0-7.el7.centos.noarch
DEBUG util.py:537:  perl-Locale-Codes-3.26-2.el7.noarch
DEBUG util.py:537:  perl-srpm-macros-1-8.el7.noarch
DEBUG util.py:537:  krb5-devel-1.15.1-55.el7_9.x86_64
DEBUG util.py:537:  tzdata-2024a-1.el7.noarch
DEBUG util.py:537:  perl-core-5.16.3-299.el7_9.x86_64
DEBUG util.py:537:  glibc-common-2.17-326.el7_9.3.x86_64
DEBUG util.py:537:  pcre2-devel-10.23-2.el7.x86_64
DEBUG util.py:537:  nspr-4.35.0-1.el7_9.x86_64
DEBUG util.py:537:  libstdc++-4.8.5-44.el7.x86_64
DEBUG util.py:537:  bash-4.2.46-35.el7_9.x86_64
DEBUG util.py:537:  pcre-8.32-17.el7.x86_64
DEBUG util.py:537:  zlib-1.2.7-21.el7_9.x86_64
DEBUG util.py:537:  bzip2-libs-1.0.6-13.el7.x86_64
DEBUG util.py:537:  elfutils-libelf-0.176-5.el7.x86_64
DEBUG util.py:537:  sed-4.2.2-7.el7.x86_64
DEBUG util.py:537:  popt-1.13-16.el7.x86_64
DEBUG util.py:537:  libacl-2.2.51-15.el7.x86_64
DEBUG util.py:537:  readline-6.2-11.el7.x86_64
DEBUG util.py:537:  libgcrypt-1.5.3-14.el7.x86_64
DEBUG util.py:537:  chkconfig-1.7.6-1.el7.x86_64
DEBUG util.py:537:  grep-2.20-3.el7.x86_64
DEBUG util.py:537:  libuuid-2.23.2-65.el7_9.1.x86_64
DEBUG util.py:537:  libmpc-1.0.1-3.el7.x86_64
DEBUG util.py:537:  gawk-4.0.2-4.el7_3.1.x86_64
DEBUG util.py:537:  diffutils-3.3-6.el7_9.x86_64
DEBUG util.py:537:  file-libs-5.11-37.el7.x86_64
DEBUG util.py:537:  libcap-ng-0.7.5-4.el7.x86_64
DEBUG util.py:537:  p11-kit-0.23.5-3.el7.x86_64
DEBUG util.py:537:  nss-softokn-3.90.0-6.el7_9.x86_64
DEBUG util.py:537:  gdbm-1.10-8.el7.x86_64
DEBUG util.py:537:  file-5.11-37.el7.x86_64
DEBUG util.py:537:  pinentry-0.8.1-17.el7.x86_64
DEBUG util.py:537:  acl-2.2.51-15.el7.x86_64
DEBUG util.py:537:  groff-base-1.22.2-8.el7.x86_64
DEBUG util.py:537:  perl-HTTP-Tiny-0.033-3.el7.noarch
DEBUG util.py:537:  perl-Pod-Perldoc-3.20-4.el7.noarch
DEBUG util.py:537:  perl-Text-ParseWords-3.29-4.el7.noarch
DEBUG util.py:537:  perl-Pod-Usage-1.63-3.el7.noarch
DEBUG util.py:537:  perl-threads-1.87-4.el7.x86_64
DEBUG util.py:537:  perl-Carp-1.26-244.el7.noarch
DEBUG util.py:537:  perl-Exporter-5.68-3.el7.noarch
DEBUG util.py:537:  perl-Socket-2.010-5.el7.x86_64
DEBUG util.py:537:  perl-Time-Local-1.2300-2.el7.noarch
DEBUG util.py:537:  perl-File-Temp-0.23.01-3.el7.noarch
DEBUG util.py:537:  perl-threads-shared-1.43-6.el7.x86_64
DEBUG util.py:537:  perl-libs-5.16.3-299.el7_9.x86_64
DEBUG util.py:537:  perl-Getopt-Long-2.40-3.el7.noarch
DEBUG util.py:537:  perl-Thread-Queue-3.02-2.el7.noarch
DEBUG util.py:537:  dwz-0.11-3.el7.x86_64
DEBUG util.py:537:  libxml2-2.9.1-6.el7_9.6.x86_64
DEBUG util.py:537:  unzip-6.0-24.el7_9.x86_64
DEBUG util.py:537:  libidn-1.28-4.el7.x86_64
DEBUG util.py:537:  glibc-headers-2.17-326.el7_9.3.x86_64
DEBUG util.py:537:  ncurses-5.9-14.20130511.el7_4.x86_64
DEBUG util.py:537:  pth-2.0.7-23.el7.x86_64
DEBUG util.py:537:  ustr-1.0.4-16.el7.x86_64
DEBUG util.py:537:  libverto-0.2.5-4.el7.x86_64
DEBUG util.py:537:  p11-kit-trust-0.23.5-3.el7.x86_64
DEBUG util.py:537:  hardlink-1.0-19.el7.x86_64
DEBUG util.py:537:  keyutils-libs-1.5.8-3.el7.x86_64
DEBUG util.py:537:  coreutils-8.22-24.el7_9.2.x86_64
DEBUG util.py:537:  libblkid-2.23.2-65.el7_9.1.x86_64
DEBUG util.py:537:  cracklib-2.9.0-11.el7.x86_64
DEBUG util.py:537:  glib2-2.56.1-9.el7_9.x86_64
DEBUG util.py:537:  binutils-2.27-44.base.el7_9.1.x86_64
DEBUG util.py:537:  pkgconfig-0.27.1-4.el7.x86_64
DEBUG util.py:537:  pam-1.1.8-23.el7.x86_64
DEBUG util.py:537:  libutempter-1.1.6-4.el7.x86_64
DEBUG util.py:537:  cyrus-sasl-lib-2.1.26-24.el7_9.x86_64
DEBUG util.py:537:  nss-3.90.0-2.el7_9.x86_64
DEBUG util.py:537:  nss-tools-3.90.0-2.el7_9.x86_64
DEBUG util.py:537:  gdb-7.6.1-120.el7.x86_64
DEBUG util.py:537:  libcurl-7.29.0-59.el7_9.2.x86_64
DEBUG util.py:537:  rpm-libs-4.11.3-48.el7_9.x86_64
DEBUG util.py:537:  openldap-2.4.44-25.el7_9.x86_64
DEBUG util.py:537:  gnupg2-2.0.22-5.el7_5.x86_64
DEBUG util.py:537:  perl-generators-epel-1-1.el7.noarch
DEBUG util.py:537:  redhat-rpm-config-9.1.0-88.el7.centos.noarch
DEBUG util.py:537:  util-linux-2.23.2-65.el7_9.1.x86_64
DEBUG util.py:537:  device-mapper-1.02.170-6.el7_9.5.x86_64
DEBUG util.py:537:  device-mapper-libs-1.02.170-6.el7_9.5.x86_64
DEBUG util.py:537:  dracut-033-572.el7.x86_64
DEBUG util.py:537:  elfutils-libs-0.176-5.el7.x86_64
DEBUG util.py:537:  dbus-libs-1.10.24-15.el7.x86_64
DEBUG util.py:537:  dbus-1.10.24-15.el7.x86_64
DEBUG util.py:537:  elfutils-0.176-5.el7.x86_64
DEBUG util.py:537:  epel-rpm-macros-7-38.noarch
DEBUG util.py:537:  gcc-c++-4.8.5-44.el7.x86_64
DEBUG util.py:537:  which-2.20-7.el7.x86_64
DEBUG util.py:537:  perl-Data-Dumper-2.145-3.el7.x86_64
DEBUG util.py:537:  perl-Test-Harness-3.28-3.el7.noarch
DEBUG util.py:537:  perl-Module-CoreList-2.76.02-299.el7_9.noarch
DEBUG util.py:537:  perl-Module-Pluggable-4.8-3.el7.noarch
DEBUG util.py:537:  perl-Perl-OSType-1.003-3.el7.noarch
DEBUG util.py:537:  perl-ExtUtils-Manifest-1.61-244.el7.noarch
DEBUG util.py:537:  perl-Pod-Parser-1.61-2.el7.noarch
DEBUG util.py:537:  perl-CPAN-Meta-Requirements-2.122-7.el7.noarch
DEBUG util.py:537:  perl-Parse-CPAN-Meta-1.4404-5.el7.noarch
DEBUG util.py:537:  perl-Module-Loaded-0.08-299.el7_9.noarch
DEBUG util.py:537:  pcre2-10.23-2.el7.x86_64
DEBUG util.py:537:  perl-Compress-Raw-Bzip2-2.061-3.el7.x86_64
DEBUG util.py:537:  perl-IO-Zlib-1.10-299.el7_9.noarch
DEBUG util.py:537:  perl-Locale-Maketext-Simple-0.21-299.el7_9.noarch
DEBUG util.py:537:  perl-Module-Load-Conditional-0.54-3.el7.noarch
DEBUG util.py:537:  perl-Object-Accessor-0.42-299.el7_9.noarch
DEBUG util.py:537:  perl-Term-UI-0.36-2.el7.noarch
DEBUG util.py:537:  pyparsing-1.5.6-9.el7.noarch
DEBUG util.py:537:  perl-Pod-Checker-1.60-2.el7.noarch
DEBUG util.py:537:  perl-Digest-MD5-2.52-3.el7.x86_64
DEBUG util.py:537:  perl-Test-Simple-0.98-243.el7.noarch
DEBUG util.py:537:  libkadm5-1.15.1-55.el7_9.x86_64
DEBUG util.py:537:  zlib-devel-1.2.7-21.el7_9.x86_64
DEBUG util.py:537:  perl-PlRPC-0.2020-14.el7.noarch
DEBUG util.py:537:  perl-DBIx-Simple-1.35-7.el7.noarch
DEBUG util.py:537:  perl-local-lib-1.008010-4.el7.noarch
DEBUG util.py:537:  libcom_err-devel-1.42.9-19.el7.x86_64
DEBUG util.py:537:  perl-Text-Soundex-3.04-4.el7.x86_64
DEBUG util.py:537:  libzstd-1.5.5-1.el7.x86_64
DEBUG util.py:537:  pcre-devel-8.32-17.el7.x86_64
DEBUG util.py:537:  perl-ExtUtils-MakeMaker-6.68-3.el7.noarch
DEBUG util.py:537:  perl-devel-5.16.3-299.el7_9.x86_64
DEBUG util.py:537:  perl-IPC-Cmd-0.80-4.el7.noarch
DEBUG util.py:537:  perl-Module-Build-0.40.05-2.el7.noarch
DEBUG util.py:537:  perl-Archive-Extract-0.68-3.el7.noarch
DEBUG util.py:537:  perl-CPANPLUS-Dist-Build-0.70-3.el7.noarch
DEBUG util.py:537:  perl-CPAN-1.9800-299.el7_9.noarch
DEBUG util.py:537:  perl-DB_File-1.830-6.el7.x86_64
DEBUG util.py:688:  Child return code was: 0
DEBUG util.py:200:  kill orphans in chroot /var/lib/mock/centos+epel-7-x86_64/root
DEBUG util.py:200:  kill orphans in chroot /var/lib/mock/centos+epel-7-x86_64-bootstrap/root/var/lib/mock/centos+epel-7-x86_64/root
DEBUG util.py:717:  child environment: None
DEBUG util.py:636:  Executing command: ['/bin/umount', '-n', '-l', '/var/lib/mock/centos+epel-7-x86_64-bootstrap/root/var/lib/mock/centos+epel-7-x86_64/root'] with env {'TERM': 'vt100', 'SHELL': '/bin/sh', 'HOME': '/builddir', 'HOSTNAME': 'mock', 'PATH': '/usr/bin:/bin:/usr/sbin:/sbin', 'LANG': 'C.UTF-8'} and shell False
DEBUG util.py:688:  Child return code was: 0
DEBUG util.py:717:  child environment: None
DEBUG util.py:636:  Executing command: ['/bin/umount', '-n', '-l', '/var/lib/mock/centos+epel-7-x86_64-bootstrap/root/var/lib/mock/centos+epel-7-x86_64/root'] with env {'TERM': 'vt100', 'SHELL': '/bin/sh', 'HOME': '/builddir', 'HOSTNAME': 'mock', 'PATH': '/usr/bin:/bin:/usr/sbin:/sbin', 'LANG': 'C.UTF-8'} and shell False
DEBUG util.py:688:  Child return code was: 0
DEBUG util.py:717:  child environment: None
DEBUG file_util.py:17:  ensuring that dir exists: /var/lib/mock/centos+epel-7-x86_64/root/proc
DEBUG util.py:717:  child environment: None
DEBUG util.py:636:  Executing command: ['/bin/mount', '-n', '-t', 'tmpfs', '-o', 'rprivate,mode=0755', 'tmpfs', '/var/lib/mock/centos+epel-7-x86_64/root/proc'] with env {'TERM': 'vt100', 'SHELL': '/bin/sh', 'HOME': '/builddir', 'HOSTNAME': 'mock', 'PATH': '/usr/bin:/bin:/usr/sbin:/sbin', 'LANG': 'C.UTF-8'} and shell False
DEBUG util.py:688:  Child return code was: 0
DEBUG file_util.py:17:  ensuring that dir exists: /var/lib/mock/centos+epel-7-x86_64/root/proc
DEBUG util.py:717:  child environment: None
DEBUG util.py:636:  Executing command: ['/bin/mount', '-n', '-o', 'rbind', '/proc', '/var/lib/mock/centos+epel-7-x86_64/root/proc'] with env {'TERM': 'vt100', 'SHELL': '/bin/sh', 'HOME': '/builddir', 'HOSTNAME': 'mock', 'PATH': '/usr/bin:/bin:/usr/sbin:/sbin', 'LANG': 'C.UTF-8'} and shell False
DEBUG util.py:688:  Child return code was: 0
DEBUG util.py:717:  child environment: None
DEBUG util.py:636:  Executing command: ['/bin/mount', '-n', '-o', 'remount,nodev,noexec,nosuid,readonly,rprivate,rbind', '--target', '/var/lib/mock/centos+epel-7-x86_64/root/proc'] with env {'TERM': 'vt100', 'SHELL': '/bin/sh', 'HOME': '/builddir', 'HOSTNAME': 'mock', 'PATH': '/usr/bin:/bin:/usr/sbin:/sbin', 'LANG': 'C.UTF-8'} and shell False
DEBUG util.py:688:  Child return code was: 0
DEBUG file_util.py:17:  ensuring that dir exists: /var/lib/mock/centos+epel-7-x86_64/root/sys
DEBUG util.py:717:  child environment: None
DEBUG util.py:636:  Executing command: ['/bin/mount', '-n', '-t', 'tmpfs', '-o', 'rprivate,mode=0755', 'tmpfs', '/var/lib/mock/centos+epel-7-x86_64/root/sys'] with env {'TERM': 'vt100', 'SHELL': '/bin/sh', 'HOME': '/builddir', 'HOSTNAME': 'mock', 'PATH': '/usr/bin:/bin:/usr/sbin:/sbin', 'LANG': 'C.UTF-8'} and shell False
DEBUG util.py:688:  Child return code was: 0
DEBUG file_util.py:17:  ensuring that dir exists: /var/lib/mock/centos+epel-7-x86_64/root/sys
DEBUG util.py:717:  child environment: None
DEBUG util.py:636:  Executing command: ['/bin/mount', '-n', '-o', 'rbind', '/sys', '/var/lib/mock/centos+epel-7-x86_64/root/sys'] with env {'TERM': 'vt100', 'SHELL': '/bin/sh', 'HOME': '/builddir', 'HOSTNAME': 'mock', 'PATH': '/usr/bin:/bin:/usr/sbin:/sbin', 'LANG': 'C.UTF-8'} and shell False
DEBUG util.py:688:  Child return code was: 0
DEBUG util.py:717:  child environment: None
DEBUG util.py:636:  Executing command: ['/bin/mount', '-n', '-o', 'remount,nodev,noexec,nosuid,readonly,rprivate,rbind', '--target', '/var/lib/mock/centos+epel-7-x86_64/root/sys'] with env {'TERM': 'vt100', 'SHELL': '/bin/sh', 'HOME': '/builddir', 'HOSTNAME': 'mock', 'PATH': '/usr/bin:/bin:/usr/sbin:/sbin', 'LANG': 'C.UTF-8'} and shell False
DEBUG util.py:688:  Child return code was: 0
DEBUG file_util.py:17:  ensuring that dir exists: /var/lib/mock/centos+epel-7-x86_64/root/dev/shm
DEBUG util.py:717:  child environment: None
DEBUG util.py:636:  Executing command: ['/bin/mount', '-n', '-t', 'tmpfs', 'tmpfs', '/var/lib/mock/centos+epel-7-x86_64/root/dev/shm'] with env {'TERM': 'vt100', 'SHELL': '/bin/sh', 'HOME': '/builddir', 'HOSTNAME': 'mock', 'PATH': '/usr/bin:/bin:/usr/sbin:/sbin', 'LANG': 'C.UTF-8'} and shell False
DEBUG util.py:688:  Child return code was: 0
DEBUG file_util.py:17:  ensuring that dir exists: /var/lib/mock/centos+epel-7-x86_64/root/dev/pts
DEBUG util.py:717:  child environment: None
DEBUG util.py:636:  Executing command: ['/bin/mount', '-n', '-t', 'devpts', '-o', 'gid=5,mode=0620,ptmxmode=0666,newinstance', 'devpts', '/var/lib/mock/centos+epel-7-x86_64/root/dev/pts'] with env {'TERM': 'vt100', 'SHELL': '/bin/sh', 'HOME': '/builddir', 'HOSTNAME': 'mock', 'PATH': '/usr/bin:/bin:/usr/sbin:/sbin', 'LANG': 'C.UTF-8'} and shell False
DEBUG util.py:688:  Child return code was: 0
DEBUG util.py:717:  child environment: None
DEBUG util.py:636:  Executing command: ['/bin/mount', '-n', '-o', 'bind', '/tmp/mock-selinux-plugin.as01j8_v', '/var/lib/mock/centos+epel-7-x86_64/root/proc/filesystems'] with env {'TERM': 'vt100', 'SHELL': '/bin/sh', 'HOME': '/builddir', 'HOSTNAME': 'mock', 'PATH': '/usr/bin:/bin:/usr/sbin:/sbin', 'LANG': 'C.UTF-8'} and shell False
DEBUG util.py:688:  Child return code was: 0
DEBUG file_util.py:17:  ensuring that dir exists: /var/lib/mock/centos+epel-7-x86_64/root/sys/fs/selinux
DEBUG util.py:717:  child environment: None
DEBUG util.py:636:  Executing command: ['/bin/mount', '-n', '-t', 'tmpfs', 'tmpfs', '/var/lib/mock/centos+epel-7-x86_64/root/sys/fs/selinux'] with env {'TERM': 'vt100', 'SHELL': '/bin/sh', 'HOME': '/builddir', 'HOSTNAME': 'mock', 'PATH': '/usr/bin:/bin:/usr/sbin:/sbin', 'LANG': 'C.UTF-8'} and shell False
DEBUG util.py:688:  Child return code was: 0
DEBUG file_util.py:17:  ensuring that dir exists: /var/lib/mock/centos+epel-7-x86_64-bootstrap/root/var/lib/mock/centos+epel-7-x86_64/root
DEBUG util.py:717:  child environment: None
DEBUG util.py:636:  Executing command: ['/bin/mount', '-n', '-t', 'tmpfs', '-o', 'private,mode=0755', 'tmpfs', '/var/lib/mock/centos+epel-7-x86_64-bootstrap/root/var/lib/mock/centos+epel-7-x86_64/root'] with env {'TERM': 'vt100', 'SHELL': '/bin/sh', 'HOME': '/builddir', 'HOSTNAME': 'mock', 'PATH': '/usr/bin:/bin:/usr/sbin:/sbin', 'LANG': 'C.UTF-8'} and shell False
DEBUG util.py:688:  Child return code was: 0
DEBUG file_util.py:17:  ensuring that dir exists: /var/lib/mock/centos+epel-7-x86_64-bootstrap/root/var/lib/mock/centos+epel-7-x86_64/root
DEBUG util.py:717:  child environment: None
DEBUG util.py:636:  Executing command: ['/bin/mount', '-n', '-o', 'rbind', '/var/lib/mock/centos+epel-7-x86_64/root', '/var/lib/mock/centos+epel-7-x86_64-bootstrap/root/var/lib/mock/centos+epel-7-x86_64/root'] with env {'TERM': 'vt100', 'SHELL': '/bin/sh', 'HOME': '/builddir', 'HOSTNAME': 'mock', 'PATH': '/usr/bin:/bin:/usr/sbin:/sbin', 'LANG': 'C.UTF-8'} and shell False
DEBUG util.py:688:  Child return code was: 0
DEBUG util.py:717:  child environment: None
DEBUG util.py:636:  Executing command: ['/bin/mount', '-n', '-o', 'remount,private,rbind', '--target', '/var/lib/mock/centos+epel-7-x86_64-bootstrap/root/var/lib/mock/centos+epel-7-x86_64/root'] with env {'TERM': 'vt100', 'SHELL': '/bin/sh', 'HOME': '/builddir', 'HOSTNAME': 'mock', 'PATH': '/usr/bin:/bin:/usr/sbin:/sbin', 'LANG': 'C.UTF-8'} and shell False
DEBUG util.py:688:  Child return code was: 0
DEBUG file_util.py:17:  ensuring that dir exists: /var/lib/mock/centos+epel-7-x86_64/root/installation-homedir
DEBUG package_manager.py:296:  ['/usr/bin/yum-builddep', '--installroot', '/var/lib/mock/centos+epel-7-x86_64/root/', '--releasever', '7', '/var/lib/mock/centos+epel-7-x86_64/root//builddir/build/SRPMS/nginx-1.30.5-1.el7.redadmin.src.rpm']
DEBUG util.py:717:  child environment: None
DEBUG util.py:631:  Using nspawn with args ['--capability=cap_ipc_lock', '--resolv-conf=off']
DEBUG util.py:636:  Executing command: ['/usr/bin/systemd-nspawn', '-q', '-M', 'dbcc815a13d14264a69d7c5d29197a6b', '-D', '/var/lib/mock/centos+epel-7-x86_64-bootstrap/root', '-a', '--capability=cap_ipc_lock', '--resolv-conf=off', '--setenv=TERM=vt100', '--setenv=SHELL=/bin/bash', '--setenv=HOME=/var/lib/mock/centos+epel-7-x86_64/root/installation-homedir', '--setenv=HOSTNAME=mock', '--setenv=PATH=/usr/bin:/bin:/usr/sbin:/sbin', '--setenv=PROMPT_COMMAND=printf "\\033]0;<mock-chroot>\\007"', '--setenv=PS1=<mock-chroot> \\s-\\v\\$ ', '--setenv=LANG=C.UTF-8', '--setenv=LC_MESSAGES=C.UTF-8', '/usr/bin/yum-builddep', '--installroot', '/var/lib/mock/centos+epel-7-x86_64/root/', '--releasever', '7', '/var/lib/mock/centos+epel-7-x86_64/root//builddir/build/SRPMS/nginx-1.30.5-1.el7.redadmin.src.rpm', '--setopt=tsflags=nocontexts'] with env {'TERM': 'vt100', 'SHELL': '/bin/bash', 'HOME': '/var/lib/mock/centos+epel-7-x86_64/root/installation-homedir', 'HOSTNAME': 'mock', 'PATH': '/usr/bin:/bin:/usr/sbin:/sbin', 'PROMPT_COMMAND': 'printf "\\033]0;<mock-chroot>\\007"', 'PS1': '<mock-chroot> \\s-\\v\\$ ', 'LANG': 'C.UTF-8', 'LC_MESSAGES': 'C.UTF-8', 'SYSTEMD_NSPAWN_TMPFS_TMP': '0', 'SYSTEMD_SECCOMP': '0'} and shell False
DEBUG util.py:535:  Failed to set locale, defaulting to C
DEBUG util.py:537:  base                                                     | 3.6 kB     00:00     
DEBUG util.py:537:  centos-sclo-rh                                           | 3.0 kB     00:00     
DEBUG util.py:537:  centos-sclo-sclo                                         | 3.0 kB     00:00     
DEBUG util.py:537:  epel                                                     | 4.3 kB     00:00     
DEBUG util.py:537:  extras                                                   | 2.9 kB     00:00     
DEBUG util.py:537:  mock-localrepo                                           | 3.0 kB     00:00     
DEBUG util.py:537:  updates                                                  | 2.9 kB     00:00     
DEBUG util.py:537:  Getting requirements for 1:nginx-1.30.5-1.el7.redadmin.src
DEBUG util.py:537:   --> Already installed : systemd-219-78.el7_9.9.x86_64
DEBUG util.py:537:   --> Already installed : 1:openssl-devel-1.0.2k-26.el7_9.x86_64
DEBUG util.py:537:   --> Already installed : zlib-devel-1.2.7-21.el7_9.x86_64
DEBUG util.py:537:   --> Already installed : pcre2-devel-10.23-2.el7.x86_64
DEBUG util.py:537:   --> Already installed : 4:perl-5.16.3-299.el7_9.x86_64
DEBUG util.py:537:   --> Already installed : libzstd-devel-1.5.5-1.el7.x86_64
DEBUG util.py:537:   --> Already installed : 1:pkgconfig-0.27.1-4.el7.x86_64
DEBUG util.py:537:   --> Already installed : perl-core-5.16.3-299.el7_9.x86_64
DEBUG util.py:537:   --> Already installed : 1:perl-IPC-Cmd-0.80-4.el7.noarch
DEBUG util.py:537:   --> Already installed : perl-Time-Piece-1.20.1-299.el7_9.x86_64
DEBUG util.py:537:   --> Already installed : modsecurity-3.0.16-1.el7.x86_64
DEBUG util.py:537:  No uninstalled build requires
DEBUG util.py:688:  Child return code was: 0
DEBUG util.py:200:  kill orphans in chroot /var/lib/mock/centos+epel-7-x86_64/root
DEBUG util.py:200:  kill orphans in chroot /var/lib/mock/centos+epel-7-x86_64-bootstrap/root/var/lib/mock/centos+epel-7-x86_64/root
DEBUG util.py:717:  child environment: None
DEBUG util.py:636:  Executing command: ['/bin/umount', '-n', '-l', '/var/lib/mock/centos+epel-7-x86_64-bootstrap/root/var/lib/mock/centos+epel-7-x86_64/root'] with env {'TERM': 'vt100', 'SHELL': '/bin/sh', 'HOME': '/builddir', 'HOSTNAME': 'mock', 'PATH': '/usr/bin:/bin:/usr/sbin:/sbin', 'LANG': 'C.UTF-8'} and shell False
DEBUG util.py:688:  Child return code was: 0
DEBUG util.py:717:  child environment: None
DEBUG util.py:636:  Executing command: ['/bin/umount', '-n', '-l', '/var/lib/mock/centos+epel-7-x86_64-bootstrap/root/var/lib/mock/centos+epel-7-x86_64/root'] with env {'TERM': 'vt100', 'SHELL': '/bin/sh', 'HOME': '/builddir', 'HOSTNAME': 'mock', 'PATH': '/usr/bin:/bin:/usr/sbin:/sbin', 'LANG': 'C.UTF-8'} and shell False
DEBUG util.py:688:  Child return code was: 0
DEBUG util.py:717:  child environment: None
DEBUG util.py:636:  Executing command: ['/bin/umount', '-n', '-l', '/var/lib/mock/centos+epel-7-x86_64/root/sys/fs/selinux'] with env {'TERM': 'vt100', 'SHELL': '/bin/sh', 'HOME': '/builddir', 'HOSTNAME': 'mock', 'PATH': '/usr/bin:/bin:/usr/sbin:/sbin', 'LANG': 'C.UTF-8'} and shell False
DEBUG util.py:688:  Child return code was: 0
DEBUG util.py:717:  child environment: None
DEBUG util.py:636:  Executing command: ['/bin/umount', '-n', '/var/lib/mock/centos+epel-7-x86_64/root/proc/filesystems'] with env {'TERM': 'vt100', 'SHELL': '/bin/sh', 'HOME': '/builddir', 'HOSTNAME': 'mock', 'PATH': '/usr/bin:/bin:/usr/sbin:/sbin', 'LANG': 'C.UTF-8'} and shell False
DEBUG util.py:688:  Child return code was: 0
DEBUG util.py:717:  child environment: None
DEBUG util.py:636:  Executing command: ['/bin/umount', '-n', '-l', '/var/lib/mock/centos+epel-7-x86_64/root/dev/pts'] with env {'TERM': 'vt100', 'SHELL': '/bin/sh', 'HOME': '/builddir', 'HOSTNAME': 'mock', 'PATH': '/usr/bin:/bin:/usr/sbin:/sbin', 'LANG': 'C.UTF-8'} and shell False
DEBUG util.py:688:  Child return code was: 0
DEBUG util.py:717:  child environment: None
DEBUG util.py:636:  Executing command: ['/bin/umount', '-n', '-l', '/var/lib/mock/centos+epel-7-x86_64/root/dev/shm'] with env {'TERM': 'vt100', 'SHELL': '/bin/sh', 'HOME': '/builddir', 'HOSTNAME': 'mock', 'PATH': '/usr/bin:/bin:/usr/sbin:/sbin', 'LANG': 'C.UTF-8'} and shell False
DEBUG util.py:688:  Child return code was: 0
DEBUG util.py:717:  child environment: None
DEBUG util.py:636:  Executing command: ['/bin/umount', '-n', '-l', '/var/lib/mock/centos+epel-7-x86_64/root/sys'] with env {'TERM': 'vt100', 'SHELL': '/bin/sh', 'HOME': '/builddir', 'HOSTNAME': 'mock', 'PATH': '/usr/bin:/bin:/usr/sbin:/sbin', 'LANG': 'C.UTF-8'} and shell False
DEBUG util.py:688:  Child return code was: 0
DEBUG util.py:717:  child environment: None
DEBUG util.py:636:  Executing command: ['/bin/umount', '-n', '-l', '/var/lib/mock/centos+epel-7-x86_64/root/sys'] with env {'TERM': 'vt100', 'SHELL': '/bin/sh', 'HOME': '/builddir', 'HOSTNAME': 'mock', 'PATH': '/usr/bin:/bin:/usr/sbin:/sbin', 'LANG': 'C.UTF-8'} and shell False
DEBUG util.py:688:  Child return code was: 0
DEBUG util.py:717:  child environment: None
DEBUG util.py:636:  Executing command: ['/bin/umount', '-n', '-l', '/var/lib/mock/centos+epel-7-x86_64/root/proc'] with env {'TERM': 'vt100', 'SHELL': '/bin/sh', 'HOME': '/builddir', 'HOSTNAME': 'mock', 'PATH': '/usr/bin:/bin:/usr/sbin:/sbin', 'LANG': 'C.UTF-8'} and shell False
DEBUG util.py:688:  Child return code was: 0
DEBUG util.py:717:  child environment: None
DEBUG util.py:636:  Executing command: ['/bin/umount', '-n', '-l', '/var/lib/mock/centos+epel-7-x86_64/root/proc'] with env {'TERM': 'vt100', 'SHELL': '/bin/sh', 'HOME': '/builddir', 'HOSTNAME': 'mock', 'PATH': '/usr/bin:/bin:/usr/sbin:/sbin', 'LANG': 'C.UTF-8'} and shell False
DEBUG util.py:688:  Child return code was: 0
DEBUG file_util.py:17:  ensuring that dir exists: /var/lib/mock/centos+epel-7-x86_64-bootstrap/root/var/lib/mock/centos+epel-7-x86_64/root
DEBUG util.py:717:  child environment: None
DEBUG util.py:636:  Executing command: ['/bin/mount', '-n', '-t', 'tmpfs', '-o', 'private,mode=0755', 'tmpfs', '/var/lib/mock/centos+epel-7-x86_64-bootstrap/root/var/lib/mock/centos+epel-7-x86_64/root'] with env {'TERM': 'vt100', 'SHELL': '/bin/sh', 'HOME': '/builddir', 'HOSTNAME': 'mock', 'PATH': '/usr/bin:/bin:/usr/sbin:/sbin', 'LANG': 'C.UTF-8'} and shell False
DEBUG util.py:688:  Child return code was: 0
DEBUG file_util.py:17:  ensuring that dir exists: /var/lib/mock/centos+epel-7-x86_64-bootstrap/root/var/lib/mock/centos+epel-7-x86_64/root
DEBUG util.py:717:  child environment: None
DEBUG util.py:636:  Executing command: ['/bin/mount', '-n', '-o', 'rbind', '/var/lib/mock/centos+epel-7-x86_64/root', '/var/lib/mock/centos+epel-7-x86_64-bootstrap/root/var/lib/mock/centos+epel-7-x86_64/root'] with env {'TERM': 'vt100', 'SHELL': '/bin/sh', 'HOME': '/builddir', 'HOSTNAME': 'mock', 'PATH': '/usr/bin:/bin:/usr/sbin:/sbin', 'LANG': 'C.UTF-8'} and shell False
DEBUG util.py:688:  Child return code was: 0
DEBUG util.py:717:  child environment: None
DEBUG util.py:636:  Executing command: ['/bin/mount', '-n', '-o', 'remount,private,rbind', '--target', '/var/lib/mock/centos+epel-7-x86_64-bootstrap/root/var/lib/mock/centos+epel-7-x86_64/root'] with env {'TERM': 'vt100', 'SHELL': '/bin/sh', 'HOME': '/builddir', 'HOSTNAME': 'mock', 'PATH': '/usr/bin:/bin:/usr/sbin:/sbin', 'LANG': 'C.UTF-8'} and shell False
DEBUG util.py:688:  Child return code was: 0
DEBUG util.py:717:  child environment: None
DEBUG util.py:631:  Using nspawn with args ['--capability=cap_ipc_lock', '--resolv-conf=off']
DEBUG util.py:636:  Executing command: ['/usr/bin/systemd-nspawn', '-q', '-M', 'c43d6facee034fde9e39388ec7c69d01', '-D', '/var/lib/mock/centos+epel-7-x86_64-bootstrap/root', '-a', '--capability=cap_ipc_lock', '--resolv-conf=off', '--setenv=TERM=vt100', '--setenv=SHELL=/bin/bash', '--setenv=HOME=/builddir', '--setenv=HOSTNAME=mock', '--setenv=PATH=/usr/bin:/bin:/usr/sbin:/sbin', '--setenv=PROMPT_COMMAND=printf "\\033]0;<mock-chroot>\\007"', '--setenv=PS1=<mock-chroot> \\s-\\v\\$ ', '--setenv=LANG=C.UTF-8', '/bin/rpm', '-qa', '--root', '/var/lib/mock/centos+epel-7-x86_64/root'] with env {'TERM': 'vt100', 'SHELL': '/bin/bash', 'HOME': '/builddir', 'HOSTNAME': 'mock', 'PATH': '/usr/bin:/bin:/usr/sbin:/sbin', 'PROMPT_COMMAND': 'printf "\\033]0;<mock-chroot>\\007"', 'PS1': '<mock-chroot> \\s-\\v\\$ ', 'LANG': 'C.UTF-8', 'SYSTEMD_NSPAWN_TMPFS_TMP': '0', 'SYSTEMD_SECCOMP': '0'} and shell False
DEBUG util.py:537:  perl-CGI-3.63-4.el7.noarch
DEBUG util.py:537:  gpg-pubkey-352c64e5-52ae6884
DEBUG util.py:537:  keyutils-libs-devel-1.5.8-3.el7.x86_64
DEBUG util.py:537:  centos-release-7-9.2009.2.el7.centos.x86_64
DEBUG util.py:537:  libsepol-devel-2.5-10.el7.x86_64
DEBUG util.py:537:  filesystem-3.2-25.el7.x86_64
DEBUG util.py:537:  yajl-2.0.4-4.el7.x86_64
DEBUG util.py:537:  python-rpm-macros-3-34.el7.noarch
DEBUG util.py:537:  perl-Sys-Syslog-0.33-3.el7.x86_64
DEBUG util.py:537:  ncurses-base-5.9-14.20130511.el7_4.noarch
DEBUG util.py:537:  libverto-devel-0.2.5-4.el7.x86_64
DEBUG util.py:537:  kernel-headers-3.10.0-1160.119.1.el7.x86_64
DEBUG util.py:537:  openssl-devel-1.0.2k-26.el7_9.x86_64
DEBUG util.py:537:  nss-softokn-freebl-3.90.0-6.el7_9.x86_64
DEBUG util.py:537:  modsecurity-3.0.16-1.el7.x86_64
DEBUG util.py:537:  glibc-2.17-326.el7_9.3.x86_64
DEBUG util.py:537:  libzstd-devel-1.5.5-1.el7.x86_64
DEBUG util.py:537:  nss-util-3.90.0-1.el7_9.x86_64
DEBUG util.py:537:  ncurses-libs-5.9-14.20130511.el7_4.x86_64
DEBUG util.py:537:  libsepol-2.5-10.el7.x86_64
DEBUG util.py:537:  libselinux-2.5-15.el7.x86_64
DEBUG util.py:537:  info-5.1-5.el7.x86_64
DEBUG util.py:537:  xz-libs-5.2.2-2.el7_9.x86_64
DEBUG util.py:537:  libdb-5.3.21-25.el7.x86_64
DEBUG util.py:537:  gmp-6.0.0-15.el7.x86_64
DEBUG util.py:537:  libattr-2.4.46-13.el7.x86_64
DEBUG util.py:537:  libcap-2.22-11.el7.x86_64
DEBUG util.py:537:  libgpg-error-1.12-3.el7.x86_64
DEBUG util.py:537:  lua-5.1.4-15.el7.x86_64
DEBUG util.py:537:  mpfr-3.1.1-4.el7.x86_64
DEBUG util.py:537:  libffi-3.0.13-19.el7.x86_64
DEBUG util.py:537:  libcom_err-1.42.9-19.el7.x86_64
DEBUG util.py:537:  xz-5.2.2-2.el7_9.x86_64
DEBUG util.py:537:  findutils-4.5.11-6.el7.x86_64
DEBUG util.py:537:  cpio-2.11-28.el7.x86_64
DEBUG util.py:537:  expat-2.1.0-15.el7_9.x86_64
DEBUG util.py:537:  audit-libs-2.8.5-4.el7.x86_64
DEBUG util.py:537:  sqlite-3.7.17-8.el7_7.1.x86_64
DEBUG util.py:537:  tar-1.26-35.el7.x86_64
DEBUG util.py:537:  lz4-1.8.3-1.el7.x86_64
DEBUG util.py:537:  cpp-4.8.5-44.el7.x86_64
DEBUG util.py:537:  libassuan-2.1.0-3.el7.x86_64
DEBUG util.py:537:  patch-2.7.1-12.el7_7.x86_64
DEBUG util.py:537:  perl-parent-0.225-244.el7.noarch
DEBUG util.py:537:  perl-podlators-2.5.1-3.el7.noarch
DEBUG util.py:537:  perl-Pod-Escapes-1.04-299.el7_9.noarch
DEBUG util.py:537:  perl-Encode-2.51-7.el7.x86_64
DEBUG util.py:537:  perl-Time-HiRes-1.9725-3.el7.x86_64
DEBUG util.py:537:  perl-Storable-2.45-3.el7.x86_64
DEBUG util.py:537:  perl-Filter-1.49-3.el7.x86_64
DEBUG util.py:537:  perl-constant-1.27-2.el7.noarch
DEBUG util.py:537:  perl-macros-5.16.3-299.el7_9.x86_64
DEBUG util.py:537:  perl-File-Path-2.09-2.el7.noarch
DEBUG util.py:537:  perl-PathTools-3.40-5.el7.x86_64
DEBUG util.py:537:  perl-Scalar-List-Utils-1.27-248.el7.x86_64
DEBUG util.py:537:  perl-Pod-Simple-3.28-4.el7.noarch
DEBUG util.py:537:  perl-5.16.3-299.el7_9.x86_64
DEBUG util.py:537:  libdb-utils-5.3.21-25.el7.x86_64
DEBUG util.py:537:  kmod-libs-20-28.el7.x86_64
DEBUG util.py:537:  bzip2-1.0.6-13.el7.x86_64
DEBUG util.py:537:  zip-3.0-11.el7.x86_64
DEBUG util.py:537:  libgomp-4.8.5-44.el7.x86_64
DEBUG util.py:537:  glibc-devel-2.17-326.el7_9.3.x86_64
DEBUG util.py:537:  libstdc++-devel-4.8.5-44.el7.x86_64
DEBUG util.py:537:  libsmartcols-2.23.2-65.el7_9.1.x86_64
DEBUG util.py:537:  libsemanage-2.5-14.el7.x86_64
DEBUG util.py:537:  libtasn1-4.10-1.el7.x86_64
DEBUG util.py:537:  ca-certificates-2023.2.60_v7.0.306-72.el7_9.noarch
DEBUG util.py:537:  qrencode-libs-3.4.1-3.el7.x86_64
DEBUG util.py:537:  openssl-libs-1.0.2k-26.el7_9.x86_64
DEBUG util.py:537:  krb5-libs-1.15.1-55.el7_9.x86_64
DEBUG util.py:537:  gzip-1.5-11.el7_9.x86_64
DEBUG util.py:537:  libmount-2.23.2-65.el7_9.1.x86_64
DEBUG util.py:537:  shared-mime-info-1.8-5.el7.x86_64
DEBUG util.py:537:  shadow-utils-4.6-5.el7.x86_64
DEBUG util.py:537:  cracklib-dicts-2.9.0-11.el7.x86_64
DEBUG util.py:537:  libpwquality-1.2.3-5.el7.x86_64
DEBUG util.py:537:  gcc-4.8.5-44.el7.x86_64
DEBUG util.py:537:  nss-pem-1.0.3-7.el7_9.1.x86_64
DEBUG util.py:537:  nss-sysinit-3.90.0-2.el7_9.x86_64
DEBUG util.py:537:  python-libs-2.7.5-94.el7_9.x86_64
DEBUG util.py:537:  libssh2-1.8.0-4.el7_9.1.x86_64
DEBUG util.py:537:  curl-7.29.0-59.el7_9.2.x86_64
DEBUG util.py:537:  rpm-4.11.3-48.el7_9.x86_64
DEBUG util.py:537:  libuser-0.60-9.el7.x86_64
DEBUG util.py:537:  rpm-build-libs-4.11.3-48.el7_9.x86_64
DEBUG util.py:537:  lua-srpm-macros-1-13.el7.noarch
DEBUG util.py:537:  json-c-0.11-4.el7_0.x86_64
DEBUG util.py:537:  procps-ng-3.3.10-28.el7.x86_64
DEBUG util.py:537:  kpartx-0.4.9-136.el7_9.x86_64
DEBUG util.py:537:  cryptsetup-libs-2.0.3-6.el7.x86_64
DEBUG util.py:537:  kmod-20-28.el7.x86_64
DEBUG util.py:537:  systemd-libs-219-78.el7_9.9.x86_64
DEBUG util.py:537:  systemd-219-78.el7_9.9.x86_64
DEBUG util.py:537:  elfutils-default-yama-scope-0.176-5.el7.noarch
DEBUG util.py:537:  python2-rpm-macros-3-34.el7.noarch
DEBUG util.py:537:  rpm-build-4.11.3-48.el7_9.x86_64
DEBUG util.py:537:  make-3.82-24.el7.x86_64
DEBUG util.py:537:  epel-release-7-14.noarch
DEBUG util.py:537:  perl-version-0.99.07-6.el7.x86_64
DEBUG util.py:537:  perl-Module-Load-0.24-3.el7.noarch
DEBUG util.py:537:  perl-Module-Metadata-1.000018-2.el7.noarch
DEBUG util.py:537:  perl-Package-Constants-0.02-299.el7_9.noarch
DEBUG util.py:537:  perl-CPAN-Meta-YAML-0.008-14.el7.noarch
DEBUG util.py:537:  perl-Digest-1.17-245.el7.noarch
DEBUG util.py:537:  perl-Digest-SHA-5.85-4.el7.x86_64
DEBUG util.py:537:  perl-JSON-PP-2.27202-2.el7.noarch
DEBUG util.py:537:  perl-CPAN-Meta-2.120921-5.el7.noarch
DEBUG util.py:537:  perl-Compress-Raw-Zlib-2.061-4.el7.x86_64
DEBUG util.py:537:  python-2.7.5-94.el7_9.x86_64
DEBUG util.py:537:  perl-IO-Compress-2.061-2.el7.noarch
DEBUG util.py:537:  perl-Locale-Maketext-1.23-3.el7.noarch
DEBUG util.py:537:  perl-Params-Check-0.38-2.el7.noarch
DEBUG util.py:537:  perl-Log-Message-0.08-3.el7.noarch
DEBUG util.py:537:  perl-Log-Message-Simple-0.10-2.el7.noarch
DEBUG util.py:537:  perl-Archive-Tar-1.92-3.el7.noarch
DEBUG util.py:537:  systemtap-sdt-devel-4.0-13.el7.x86_64
DEBUG util.py:537:  perl-Pod-LaTeX-0.61-2.el7.noarch
DEBUG util.py:537:  perl-B-Lint-1.17-3.el7.noarch
DEBUG util.py:537:  perl-Version-Requirements-0.101022-244.el7.noarch
DEBUG util.py:537:  pcre2-utf16-10.23-2.el7.x86_64
DEBUG util.py:537:  perl-Net-Daemon-0.48-5.el7.noarch
DEBUG util.py:537:  perl-DBI-1.627-4.el7.x86_64
DEBUG util.py:537:  perl-DBD-SQLite-1.39-3.el7.x86_64
DEBUG util.py:537:  lmdb-libs-0.9.22-2.el7.x86_64
DEBUG util.py:537:  perl-Text-Unidecode-0.04-20.el7.noarch
DEBUG util.py:537:  perl-Time-Piece-1.20.1-299.el7_9.x86_64
DEBUG util.py:537:  gdbm-devel-1.10-8.el7.x86_64
DEBUG util.py:537:  libdb-devel-5.3.21-25.el7.x86_64
DEBUG util.py:537:  perl-ExtUtils-ParseXS-3.18-3.el7.noarch
DEBUG util.py:537:  perl-ExtUtils-Install-1.58-299.el7_9.noarch
DEBUG util.py:537:  perl-ExtUtils-CBuilder-0.28.2.6-299.el7_9.noarch
DEBUG util.py:537:  perl-File-Fetch-0.42-2.el7.noarch
DEBUG util.py:537:  perl-CPANPLUS-0.91.38-4.el7.noarch
DEBUG util.py:537:  perl-ExtUtils-Embed-1.30-299.el7_9.noarch
DEBUG util.py:537:  pcre2-utf32-10.23-2.el7.x86_64
DEBUG util.py:537:  perl-FCGI-0.74-8.el7.x86_64
DEBUG util.py:537:  gpg-pubkey-f4a80eb5-53a7ff4b
DEBUG util.py:537:  perl-Env-1.04-2.el7.noarch
DEBUG util.py:537:  libgcc-4.8.5-44.el7.x86_64
DEBUG util.py:537:  perl-File-CheckTree-4.42-3.el7.noarch
DEBUG util.py:537:  setup-2.8.71-11.el7.noarch
DEBUG util.py:537:  libselinux-devel-2.5-15.el7.x86_64
DEBUG util.py:537:  python-srpm-macros-3-34.el7.noarch
DEBUG util.py:537:  perl-autodie-2.16-2.el7.noarch
DEBUG util.py:537:  basesystem-10.0-7.el7.centos.noarch
DEBUG util.py:537:  perl-Locale-Codes-3.26-2.el7.noarch
DEBUG util.py:537:  perl-srpm-macros-1-8.el7.noarch
DEBUG util.py:537:  krb5-devel-1.15.1-55.el7_9.x86_64
DEBUG util.py:537:  tzdata-2024a-1.el7.noarch
DEBUG util.py:537:  perl-core-5.16.3-299.el7_9.x86_64
DEBUG util.py:537:  glibc-common-2.17-326.el7_9.3.x86_64
DEBUG util.py:537:  pcre2-devel-10.23-2.el7.x86_64
DEBUG util.py:537:  nspr-4.35.0-1.el7_9.x86_64
DEBUG util.py:537:  libstdc++-4.8.5-44.el7.x86_64
DEBUG util.py:537:  bash-4.2.46-35.el7_9.x86_64
DEBUG util.py:537:  pcre-8.32-17.el7.x86_64
DEBUG util.py:537:  zlib-1.2.7-21.el7_9.x86_64
DEBUG util.py:537:  bzip2-libs-1.0.6-13.el7.x86_64
DEBUG util.py:537:  elfutils-libelf-0.176-5.el7.x86_64
DEBUG util.py:537:  sed-4.2.2-7.el7.x86_64
DEBUG util.py:537:  popt-1.13-16.el7.x86_64
DEBUG util.py:537:  libacl-2.2.51-15.el7.x86_64
DEBUG util.py:537:  readline-6.2-11.el7.x86_64
DEBUG util.py:537:  libgcrypt-1.5.3-14.el7.x86_64
DEBUG util.py:537:  chkconfig-1.7.6-1.el7.x86_64
DEBUG util.py:537:  grep-2.20-3.el7.x86_64
DEBUG util.py:537:  libuuid-2.23.2-65.el7_9.1.x86_64
DEBUG util.py:537:  libmpc-1.0.1-3.el7.x86_64
DEBUG util.py:537:  gawk-4.0.2-4.el7_3.1.x86_64
DEBUG util.py:537:  diffutils-3.3-6.el7_9.x86_64
DEBUG util.py:537:  file-libs-5.11-37.el7.x86_64
DEBUG util.py:537:  libcap-ng-0.7.5-4.el7.x86_64
DEBUG util.py:537:  p11-kit-0.23.5-3.el7.x86_64
DEBUG util.py:537:  nss-softokn-3.90.0-6.el7_9.x86_64
DEBUG util.py:537:  gdbm-1.10-8.el7.x86_64
DEBUG util.py:537:  file-5.11-37.el7.x86_64
DEBUG util.py:537:  pinentry-0.8.1-17.el7.x86_64
DEBUG util.py:537:  acl-2.2.51-15.el7.x86_64
DEBUG util.py:537:  groff-base-1.22.2-8.el7.x86_64
DEBUG util.py:537:  perl-HTTP-Tiny-0.033-3.el7.noarch
DEBUG util.py:537:  perl-Pod-Perldoc-3.20-4.el7.noarch
DEBUG util.py:537:  perl-Text-ParseWords-3.29-4.el7.noarch
DEBUG util.py:537:  perl-Pod-Usage-1.63-3.el7.noarch
DEBUG util.py:537:  perl-threads-1.87-4.el7.x86_64
DEBUG util.py:537:  perl-Carp-1.26-244.el7.noarch
DEBUG util.py:537:  perl-Exporter-5.68-3.el7.noarch
DEBUG util.py:537:  perl-Socket-2.010-5.el7.x86_64
DEBUG util.py:537:  perl-Time-Local-1.2300-2.el7.noarch
DEBUG util.py:537:  perl-File-Temp-0.23.01-3.el7.noarch
DEBUG util.py:537:  perl-threads-shared-1.43-6.el7.x86_64
DEBUG util.py:537:  perl-libs-5.16.3-299.el7_9.x86_64
DEBUG util.py:537:  perl-Getopt-Long-2.40-3.el7.noarch
DEBUG util.py:537:  perl-Thread-Queue-3.02-2.el7.noarch
DEBUG util.py:537:  dwz-0.11-3.el7.x86_64
DEBUG util.py:537:  libxml2-2.9.1-6.el7_9.6.x86_64
DEBUG util.py:537:  unzip-6.0-24.el7_9.x86_64
DEBUG util.py:537:  libidn-1.28-4.el7.x86_64
DEBUG util.py:537:  glibc-headers-2.17-326.el7_9.3.x86_64
DEBUG util.py:537:  ncurses-5.9-14.20130511.el7_4.x86_64
DEBUG util.py:537:  pth-2.0.7-23.el7.x86_64
DEBUG util.py:537:  ustr-1.0.4-16.el7.x86_64
DEBUG util.py:537:  libverto-0.2.5-4.el7.x86_64
DEBUG util.py:537:  p11-kit-trust-0.23.5-3.el7.x86_64
DEBUG util.py:537:  hardlink-1.0-19.el7.x86_64
DEBUG util.py:537:  keyutils-libs-1.5.8-3.el7.x86_64
DEBUG util.py:537:  coreutils-8.22-24.el7_9.2.x86_64
DEBUG util.py:537:  libblkid-2.23.2-65.el7_9.1.x86_64
DEBUG util.py:537:  cracklib-2.9.0-11.el7.x86_64
DEBUG util.py:537:  glib2-2.56.1-9.el7_9.x86_64
DEBUG util.py:537:  binutils-2.27-44.base.el7_9.1.x86_64
DEBUG util.py:537:  pkgconfig-0.27.1-4.el7.x86_64
DEBUG util.py:537:  pam-1.1.8-23.el7.x86_64
DEBUG util.py:537:  libutempter-1.1.6-4.el7.x86_64
DEBUG util.py:537:  cyrus-sasl-lib-2.1.26-24.el7_9.x86_64
DEBUG util.py:537:  nss-3.90.0-2.el7_9.x86_64
DEBUG util.py:537:  nss-tools-3.90.0-2.el7_9.x86_64
DEBUG util.py:537:  gdb-7.6.1-120.el7.x86_64
DEBUG util.py:537:  libcurl-7.29.0-59.el7_9.2.x86_64
DEBUG util.py:537:  rpm-libs-4.11.3-48.el7_9.x86_64
DEBUG util.py:537:  openldap-2.4.44-25.el7_9.x86_64
DEBUG util.py:537:  gnupg2-2.0.22-5.el7_5.x86_64
DEBUG util.py:537:  perl-generators-epel-1-1.el7.noarch
DEBUG util.py:537:  redhat-rpm-config-9.1.0-88.el7.centos.noarch
DEBUG util.py:537:  util-linux-2.23.2-65.el7_9.1.x86_64
DEBUG util.py:537:  device-mapper-1.02.170-6.el7_9.5.x86_64
DEBUG util.py:537:  device-mapper-libs-1.02.170-6.el7_9.5.x86_64
DEBUG util.py:537:  dracut-033-572.el7.x86_64
DEBUG util.py:537:  elfutils-libs-0.176-5.el7.x86_64
DEBUG util.py:537:  dbus-libs-1.10.24-15.el7.x86_64
DEBUG util.py:537:  dbus-1.10.24-15.el7.x86_64
DEBUG util.py:537:  elfutils-0.176-5.el7.x86_64
DEBUG util.py:537:  epel-rpm-macros-7-38.noarch
DEBUG util.py:537:  gcc-c++-4.8.5-44.el7.x86_64
DEBUG util.py:537:  which-2.20-7.el7.x86_64
DEBUG util.py:537:  perl-Data-Dumper-2.145-3.el7.x86_64
DEBUG util.py:537:  perl-Test-Harness-3.28-3.el7.noarch
DEBUG util.py:537:  perl-Module-CoreList-2.76.02-299.el7_9.noarch
DEBUG util.py:537:  perl-Module-Pluggable-4.8-3.el7.noarch
DEBUG util.py:537:  perl-Perl-OSType-1.003-3.el7.noarch
DEBUG util.py:537:  perl-ExtUtils-Manifest-1.61-244.el7.noarch
DEBUG util.py:537:  perl-Pod-Parser-1.61-2.el7.noarch
DEBUG util.py:537:  perl-CPAN-Meta-Requirements-2.122-7.el7.noarch
DEBUG util.py:537:  perl-Parse-CPAN-Meta-1.4404-5.el7.noarch
DEBUG util.py:537:  perl-Module-Loaded-0.08-299.el7_9.noarch
DEBUG util.py:537:  pcre2-10.23-2.el7.x86_64
DEBUG util.py:537:  perl-Compress-Raw-Bzip2-2.061-3.el7.x86_64
DEBUG util.py:537:  perl-IO-Zlib-1.10-299.el7_9.noarch
DEBUG util.py:537:  perl-Locale-Maketext-Simple-0.21-299.el7_9.noarch
DEBUG util.py:537:  perl-Module-Load-Conditional-0.54-3.el7.noarch
DEBUG util.py:537:  perl-Object-Accessor-0.42-299.el7_9.noarch
DEBUG util.py:537:  perl-Term-UI-0.36-2.el7.noarch
DEBUG util.py:537:  pyparsing-1.5.6-9.el7.noarch
DEBUG util.py:537:  perl-Pod-Checker-1.60-2.el7.noarch
DEBUG util.py:537:  perl-Digest-MD5-2.52-3.el7.x86_64
DEBUG util.py:537:  perl-Test-Simple-0.98-243.el7.noarch
DEBUG util.py:537:  libkadm5-1.15.1-55.el7_9.x86_64
DEBUG util.py:537:  zlib-devel-1.2.7-21.el7_9.x86_64
DEBUG util.py:537:  perl-PlRPC-0.2020-14.el7.noarch
DEBUG util.py:537:  perl-DBIx-Simple-1.35-7.el7.noarch
DEBUG util.py:537:  perl-local-lib-1.008010-4.el7.noarch
DEBUG util.py:537:  libcom_err-devel-1.42.9-19.el7.x86_64
DEBUG util.py:537:  perl-Text-Soundex-3.04-4.el7.x86_64
DEBUG util.py:537:  libzstd-1.5.5-1.el7.x86_64
DEBUG util.py:537:  pcre-devel-8.32-17.el7.x86_64
DEBUG util.py:537:  perl-ExtUtils-MakeMaker-6.68-3.el7.noarch
DEBUG util.py:537:  perl-devel-5.16.3-299.el7_9.x86_64
DEBUG util.py:537:  perl-IPC-Cmd-0.80-4.el7.noarch
DEBUG util.py:537:  perl-Module-Build-0.40.05-2.el7.noarch
DEBUG util.py:537:  perl-Archive-Extract-0.68-3.el7.noarch
DEBUG util.py:537:  perl-CPANPLUS-Dist-Build-0.70-3.el7.noarch
DEBUG util.py:537:  perl-CPAN-1.9800-299.el7_9.noarch
DEBUG util.py:537:  perl-DB_File-1.830-6.el7.x86_64
DEBUG util.py:688:  Child return code was: 0
DEBUG util.py:200:  kill orphans in chroot /var/lib/mock/centos+epel-7-x86_64/root
DEBUG util.py:200:  kill orphans in chroot /var/lib/mock/centos+epel-7-x86_64-bootstrap/root/var/lib/mock/centos+epel-7-x86_64/root
DEBUG util.py:717:  child environment: None
DEBUG util.py:636:  Executing command: ['/bin/umount', '-n', '-l', '/var/lib/mock/centos+epel-7-x86_64-bootstrap/root/var/lib/mock/centos+epel-7-x86_64/root'] with env {'TERM': 'vt100', 'SHELL': '/bin/sh', 'HOME': '/builddir', 'HOSTNAME': 'mock', 'PATH': '/usr/bin:/bin:/usr/sbin:/sbin', 'LANG': 'C.UTF-8'} and shell False
DEBUG util.py:688:  Child return code was: 0
DEBUG util.py:717:  child environment: None
DEBUG util.py:636:  Executing command: ['/bin/umount', '-n', '-l', '/var/lib/mock/centos+epel-7-x86_64-bootstrap/root/var/lib/mock/centos+epel-7-x86_64/root'] with env {'TERM': 'vt100', 'SHELL': '/bin/sh', 'HOME': '/builddir', 'HOSTNAME': 'mock', 'PATH': '/usr/bin:/bin:/usr/sbin:/sbin', 'LANG': 'C.UTF-8'} and shell False
DEBUG util.py:688:  Child return code was: 0
DEBUG file_util.py:17:  ensuring that dir exists: /var/lib/mock/centos+epel-7-x86_64-bootstrap/root/var/lib/mock/centos+epel-7-x86_64/root
DEBUG util.py:717:  child environment: None
DEBUG util.py:636:  Executing command: ['/bin/mount', '-n', '-t', 'tmpfs', '-o', 'private,mode=0755', 'tmpfs', '/var/lib/mock/centos+epel-7-x86_64-bootstrap/root/var/lib/mock/centos+epel-7-x86_64/root'] with env {'TERM': 'vt100', 'SHELL': '/bin/sh', 'HOME': '/builddir', 'HOSTNAME': 'mock', 'PATH': '/usr/bin:/bin:/usr/sbin:/sbin', 'LANG': 'C.UTF-8'} and shell False
DEBUG util.py:688:  Child return code was: 0
DEBUG file_util.py:17:  ensuring that dir exists: /var/lib/mock/centos+epel-7-x86_64-bootstrap/root/var/lib/mock/centos+epel-7-x86_64/root
DEBUG util.py:717:  child environment: None
DEBUG util.py:636:  Executing command: ['/bin/mount', '-n', '-o', 'rbind', '/var/lib/mock/centos+epel-7-x86_64/root', '/var/lib/mock/centos+epel-7-x86_64-bootstrap/root/var/lib/mock/centos+epel-7-x86_64/root'] with env {'TERM': 'vt100', 'SHELL': '/bin/sh', 'HOME': '/builddir', 'HOSTNAME': 'mock', 'PATH': '/usr/bin:/bin:/usr/sbin:/sbin', 'LANG': 'C.UTF-8'} and shell False
DEBUG util.py:688:  Child return code was: 0
DEBUG util.py:717:  child environment: None
DEBUG util.py:636:  Executing command: ['/bin/mount', '-n', '-o', 'remount,private,rbind', '--target', '/var/lib/mock/centos+epel-7-x86_64-bootstrap/root/var/lib/mock/centos+epel-7-x86_64/root'] with env {'TERM': 'vt100', 'SHELL': '/bin/sh', 'HOME': '/builddir', 'HOSTNAME': 'mock', 'PATH': '/usr/bin:/bin:/usr/sbin:/sbin', 'LANG': 'C.UTF-8'} and shell False
DEBUG util.py:688:  Child return code was: 0
DEBUG util.py:717:  child environment: None
DEBUG util.py:631:  Using nspawn with args ['--capability=cap_ipc_lock', '--resolv-conf=off']
DEBUG util.py:636:  Executing command: ['/usr/bin/systemd-nspawn', '-q', '-M', 'ca8577dcfe024c4a91b31034c31e2784', '-D', '/var/lib/mock/centos+epel-7-x86_64-bootstrap/root', '-a', '--capability=cap_ipc_lock', '--resolv-conf=off', '--setenv=TERM=vt100', '--setenv=SHELL=/bin/bash', '--setenv=HOME=/builddir', '--setenv=HOSTNAME=mock', '--setenv=PATH=/usr/bin:/bin:/usr/sbin:/sbin', '--setenv=PROMPT_COMMAND=printf "\\033]0;<mock-chroot>\\007"', '--setenv=PS1=<mock-chroot> \\s-\\v\\$ ', '--setenv=LANG=C.UTF-8', '/bin/sh', '-c', "rpm -qa --root '/var/lib/mock/centos+epel-7-x86_64/root' --qf '%{nevra} %{buildtime} %{size} installed\\n'"] with env {'TERM': 'vt100', 'SHELL': '/bin/bash', 'HOME': '/builddir', 'HOSTNAME': 'mock', 'PATH': '/usr/bin:/bin:/usr/sbin:/sbin', 'PROMPT_COMMAND': 'printf "\\033]0;<mock-chroot>\\007"', 'PS1': '<mock-chroot> \\s-\\v\\$ ', 'LANG': 'C.UTF-8', 'SYSTEMD_NSPAWN_TMPFS_TMP': '0', 'SYSTEMD_SECCOMP': '0'} and shell False
DEBUG util.py:537:  perl-CGI-3.63-4.el7.noarch 1402342280 716590 installed
DEBUG util.py:537:  gpg-pubkey-352c64e5-52ae6884 1387161732 0 installed
DEBUG util.py:537:  keyutils-libs-devel-1.5.8-3.el7.x86_64 1402366675 29186 installed
DEBUG util.py:537:  centos-release-7-9.2009.2.el7.centos.x86_64 1716302882 45726 installed
DEBUG util.py:537:  libsepol-devel-2.5-10.el7.x86_64 1540935375 126580 installed
DEBUG util.py:537:  filesystem-3.2-25.el7.x86_64 1523422829 0 installed
DEBUG util.py:537:  yajl-2.0.4-4.el7.x86_64 1402376429 116450 installed
DEBUG util.py:537:  python-rpm-macros-3-34.el7.noarch 1602605024 4234 installed
DEBUG util.py:537:  perl-Sys-Syslog-0.33-3.el7.x86_64 1402356611 95315 installed
DEBUG util.py:537:  ncurses-base-5.9-14.20130511.el7_4.noarch 1504735709 223432 installed
DEBUG util.py:537:  libverto-devel-0.2.5-4.el7.x86_64 1402386261 25871 installed
DEBUG util.py:537:  kernel-headers-3.10.0-1160.119.1.el7.x86_64 1717513295 3948899 installed
DEBUG util.py:537:  openssl-devel-1:1.0.2k-26.el7_9.x86_64 1679328899 3269309 installed
DEBUG util.py:537:  nss-softokn-freebl-3.90.0-6.el7_9.x86_64 1697634121 732614 installed
DEBUG util.py:537:  modsecurity-3.0.16-1.el7.x86_64 1783350343 4010333 installed
DEBUG util.py:537:  glibc-2.17-326.el7_9.3.x86_64 1717513546 14100922 installed
DEBUG util.py:537:  libzstd-devel-1.5.5-1.el7.x86_64 1680698626 202801 installed
DEBUG util.py:537:  nss-util-3.90.0-1.el7_9.x86_64 1697632868 203144 installed
DEBUG util.py:537:  ncurses-libs-5.9-14.20130511.el7_4.x86_64 1504735709 1028216 installed
DEBUG util.py:537:  libsepol-2.5-10.el7.x86_64 1540935375 686640 installed
DEBUG util.py:537:  libselinux-2.5-15.el7.x86_64 1585711002 217762 installed
DEBUG util.py:537:  info-5.1-5.el7.x86_64 1523408616 494630 installed
DEBUG util.py:537:  xz-libs-5.2.2-2.el7_9.x86_64 1655304053 239983 installed
DEBUG util.py:537:  libdb-5.3.21-25.el7.x86_64 1565309918 1858144 installed
DEBUG util.py:537:  gmp-1:6.0.0-15.el7.x86_64 1501722795 657046 installed
DEBUG util.py:537:  libattr-2.4.46-13.el7.x86_64 1523407244 19896 installed
DEBUG util.py:537:  libcap-2.22-11.el7.x86_64 1585710513 107365 installed
DEBUG util.py:537:  libgpg-error-1.12-3.el7.x86_64 1402390008 350865 installed
DEBUG util.py:537:  lua-5.1.4-15.el7.x86_64 1478400455 640319 installed
DEBUG util.py:537:  mpfr-3.1.1-4.el7.x86_64 1402362714 554279 installed
DEBUG util.py:537:  libffi-3.0.13-19.el7.x86_64 1585710522 47790 installed
DEBUG util.py:537:  libcom_err-1.42.9-19.el7.x86_64 1601481804 60425 installed
DEBUG util.py:537:  xz-5.2.2-2.el7_9.x86_64 1655304053 798420 installed
DEBUG util.py:537:  findutils-1:4.5.11-6.el7.x86_64 1540917834 1855882 installed
DEBUG util.py:537:  cpio-2.11-28.el7.x86_64 1602604082 689345 installed
DEBUG util.py:537:  expat-2.1.0-15.el7_9.x86_64 1665060754 212427 installed
DEBUG util.py:537:  audit-libs-2.8.5-4.el7.x86_64 1565265980 256386 installed
DEBUG util.py:537:  sqlite-3.7.17-8.el7_7.1.x86_64 1580221787 814303 installed
DEBUG util.py:537:  tar-2:1.26-35.el7.x86_64 1540931349 2838510 installed
DEBUG util.py:537:  lz4-1.8.3-1.el7.x86_64 1601484911 205463 installed
DEBUG util.py:537:  cpp-4.8.5-44.el7.x86_64 1601433759 15636565 installed
DEBUG util.py:537:  libassuan-2.1.0-3.el7.x86_64 1402341240 155391 installed
DEBUG util.py:537:  patch-2.7.1-12.el7_7.x86_64 1571788780 215353 installed
DEBUG util.py:537:  perl-parent-1:0.225-244.el7.noarch 1402384520 8141 installed
DEBUG util.py:537:  perl-podlators-2.5.1-3.el7.noarch 1402343776 287679 installed
DEBUG util.py:537:  perl-Pod-Escapes-1:1.04-299.el7_9.noarch 1612284229 21091 installed
DEBUG util.py:537:  perl-Encode-2.51-7.el7.x86_64 1402368585 10176350 installed
DEBUG util.py:537:  perl-Time-HiRes-4:1.9725-3.el7.x86_64 1402343844 94069 installed
DEBUG util.py:537:  perl-Storable-2.45-3.el7.x86_64 1402367398 181031 installed
DEBUG util.py:537:  perl-Filter-1.49-3.el7.x86_64 1402353954 148475 installed
DEBUG util.py:537:  perl-constant-1.27-2.el7.noarch 1402368682 26364 installed
DEBUG util.py:537:  perl-macros-4:5.16.3-299.el7_9.x86_64 1612283772 5134 installed
DEBUG util.py:537:  perl-File-Path-2.09-2.el7.noarch 1402361289 50067 installed
DEBUG util.py:537:  perl-PathTools-3.40-5.el7.x86_64 1402373476 174131 installed
DEBUG util.py:537:  perl-Scalar-List-Utils-1.27-248.el7.x86_64 1402358220 67994 installed
DEBUG util.py:537:  perl-Pod-Simple-1:3.28-4.el7.noarch 1402365613 538320 installed
DEBUG util.py:537:  perl-4:5.16.3-299.el7_9.x86_64 1612283772 23556436 installed
DEBUG util.py:537:  libdb-utils-5.3.21-25.el7.x86_64 1565309918 322471 installed
DEBUG util.py:537:  kmod-libs-20-28.el7.x86_64 1585709895 91800 installed
DEBUG util.py:537:  bzip2-1.0.6-13.el7.x86_64 1447995892 83791 installed
DEBUG util.py:537:  zip-3.0-11.el7.x86_64 1478364595 815173 installed
DEBUG util.py:537:  libgomp-4.8.5-44.el7.x86_64 1601433759 212144 installed
DEBUG util.py:537:  glibc-devel-2.17-326.el7_9.3.x86_64 1717513546 1066188 installed
DEBUG util.py:537:  libstdc++-devel-4.8.5-44.el7.x86_64 1601433759 8436804 installed
DEBUG util.py:537:  libsmartcols-2.23.2-65.el7_9.1.x86_64 1612283515 168720 installed
DEBUG util.py:537:  libsemanage-2.5-14.el7.x86_64 1540943073 302329 installed
DEBUG util.py:537:  libtasn1-4.10-1.el7.x86_64 1501633297 424486 installed
DEBUG util.py:537:  ca-certificates-2023.2.60_v7.0.306-72.el7_9.noarch 1697462596 2313918 installed
DEBUG util.py:537:  qrencode-libs-3.4.1-3.el7.x86_64 1402343131 126732 installed
DEBUG util.py:537:  openssl-libs-1:1.0.2k-26.el7_9.x86_64 1679328899 3208716 installed
DEBUG util.py:537:  krb5-libs-1.15.1-55.el7_9.x86_64 1669835018 2204184 installed
DEBUG util.py:537:  gzip-1.5-11.el7_9.x86_64 1652367512 250421 installed
DEBUG util.py:537:  libmount-2.23.2-65.el7_9.1.x86_64 1612283515 278157 installed
DEBUG util.py:537:  shared-mime-info-1.8-5.el7.x86_64 1585715455 2379876 installed
DEBUG util.py:537:  shadow-utils-2:4.6-5.el7.x86_64 1565319063 3887289 installed
DEBUG util.py:537:  cracklib-dicts-2.9.0-11.el7.x86_64 1402378933 9389116 installed
DEBUG util.py:537:  libpwquality-1.2.3-5.el7.x86_64 1523419099 332421 installed
DEBUG util.py:537:  gcc-4.8.5-44.el7.x86_64 1601433759 39226437 installed
DEBUG util.py:537:  nss-pem-1.0.3-7.el7_9.1.x86_64 1686238638 209851 installed
DEBUG util.py:537:  nss-sysinit-3.90.0-2.el7_9.x86_64 1697721469 14110 installed
DEBUG util.py:537:  python-libs-2.7.5-94.el7_9.x86_64 1699980234 24719688 installed
DEBUG util.py:537:  libssh2-1.8.0-4.el7_9.1.x86_64 1697462464 191496 installed
DEBUG util.py:537:  curl-7.29.0-59.el7_9.2.x86_64 1702484661 540396 installed
DEBUG util.py:537:  rpm-4.11.3-48.el7_9.x86_64 1637771619 2622621 installed
DEBUG util.py:537:  libuser-0.60-9.el7.x86_64 1523558694 1952592 installed
DEBUG util.py:537:  rpm-build-libs-4.11.3-48.el7_9.x86_64 1637771619 166656 installed
DEBUG util.py:537:  lua-srpm-macros-1-13.el7.noarch 1707738766 1367 installed
DEBUG util.py:537:  json-c-0.11-4.el7_0.x86_64 1403612338 65593 installed
DEBUG util.py:537:  procps-ng-3.3.10-28.el7.x86_64 1601486497 759395 installed
DEBUG util.py:537:  kpartx-0.4.9-136.el7_9.x86_64 1668612098 41267 installed
DEBUG util.py:537:  cryptsetup-libs-2.0.3-6.el7.x86_64 1585707796 1219519 installed
DEBUG util.py:537:  kmod-20-28.el7.x86_64 1585709895 247868 installed
DEBUG util.py:537:  systemd-libs-219-78.el7_9.9.x86_64 1701960714 1262560 installed
DEBUG util.py:537:  systemd-219-78.el7_9.9.x86_64 1701960714 24448450 installed
DEBUG util.py:537:  elfutils-default-yama-scope-0.176-5.el7.noarch 1601569823 1810 installed
DEBUG util.py:537:  python2-rpm-macros-3-34.el7.noarch 1602605024 1495 installed
DEBUG util.py:537:  rpm-build-4.11.3-48.el7_9.x86_64 1637771619 331384 installed
DEBUG util.py:537:  make-1:3.82-24.el7.x86_64 1565311645 1160660 installed
DEBUG util.py:537:  epel-release-7-14.noarch 1630777123 25728 installed
DEBUG util.py:537:  perl-version-3:0.99.07-6.el7.x86_64 1585713787 218942 installed
DEBUG util.py:537:  perl-Module-Load-1:0.24-3.el7.noarch 1402351615 10296 installed
DEBUG util.py:537:  perl-Module-Metadata-1.000018-2.el7.noarch 1402343825 44758 installed
DEBUG util.py:537:  perl-Package-Constants-1:0.02-299.el7_9.noarch 1612284229 4759 installed
DEBUG util.py:537:  perl-CPAN-Meta-YAML-0.008-14.el7.noarch 1402344996 42386 installed
DEBUG util.py:537:  perl-Digest-1.17-245.el7.noarch 1402391632 28661 installed
DEBUG util.py:537:  perl-Digest-SHA-1:5.85-4.el7.x86_64 1501652408 112297 installed
DEBUG util.py:537:  perl-JSON-PP-2.27202-2.el7.noarch 1402370171 118841 installed
DEBUG util.py:537:  perl-CPAN-Meta-2.120921-5.el7.noarch 1402391981 365194 installed
DEBUG util.py:537:  perl-Compress-Raw-Zlib-1:2.061-4.el7.x86_64 1402362728 139803 installed
DEBUG util.py:537:  python-2.7.5-94.el7_9.x86_64 1699980234 80835 installed
DEBUG util.py:537:  perl-IO-Compress-2.061-2.el7.noarch 1402365250 814173 installed
DEBUG util.py:537:  perl-Locale-Maketext-1.23-3.el7.noarch 1402353873 172613 installed
DEBUG util.py:537:  perl-Params-Check-1:0.38-2.el7.noarch 1402388396 29182 installed
DEBUG util.py:537:  perl-Log-Message-1:0.08-3.el7.noarch 1402343799 45086 installed
DEBUG util.py:537:  perl-Log-Message-Simple-0.10-2.el7.noarch 1402362945 13116 installed
DEBUG util.py:537:  perl-Archive-Tar-1.92-3.el7.noarch 1565315039 154908 installed
DEBUG util.py:537:  systemtap-sdt-devel-4.0-13.el7.x86_64 1602605547 183130 installed
DEBUG util.py:537:  perl-Pod-LaTeX-0.61-2.el7.noarch 1402386839 86093 installed
DEBUG util.py:537:  perl-B-Lint-1.17-3.el7.noarch 1402354686 31723 installed
DEBUG util.py:537:  perl-Version-Requirements-0.101022-244.el7.noarch 1402384566 38455 installed
DEBUG util.py:537:  pcre2-utf16-10.23-2.el7.x86_64 1501710266 513457 installed
DEBUG util.py:537:  perl-Net-Daemon-0.48-5.el7.noarch 1402381132 119147 installed
DEBUG util.py:537:  perl-DBI-1.627-4.el7.x86_64 1402362505 2008211 installed
DEBUG util.py:537:  perl-DBD-SQLite-1.39-3.el7.x86_64 1402349873 5665682 installed
DEBUG util.py:537:  lmdb-libs-0.9.22-2.el7.x86_64 1524556359 98240 installed
DEBUG util.py:537:  perl-Text-Unidecode-0.04-20.el7.noarch 1402360872 406566 installed
DEBUG util.py:537:  perl-Time-Piece-0:1.20.1-299.el7_9.x86_64 1612283772 60742 installed
DEBUG util.py:537:  gdbm-devel-1.10-8.el7.x86_64 1402349948 42866 installed
DEBUG util.py:537:  libdb-devel-5.3.21-25.el7.x86_64 1565309918 129076 installed
DEBUG util.py:537:  perl-ExtUtils-ParseXS-1:3.18-3.el7.noarch 1501652628 178634 installed
DEBUG util.py:537:  perl-ExtUtils-Install-0:1.58-299.el7_9.noarch 1612284229 76408 installed
DEBUG util.py:537:  perl-ExtUtils-CBuilder-1:0.28.2.6-299.el7_9.noarch 1612284229 63369 installed
DEBUG util.py:537:  perl-File-Fetch-0.42-2.el7.noarch 1402340248 61358 installed
DEBUG util.py:537:  perl-CPANPLUS-0.91.38-4.el7.noarch 1402392289 847430 installed
DEBUG util.py:537:  perl-ExtUtils-Embed-0:1.30-299.el7_9.noarch 1612284229 17136 installed
DEBUG util.py:537:  pcre2-utf32-10.23-2.el7.x86_64 1501710266 497041 installed
DEBUG util.py:537:  perl-FCGI-1:0.74-8.el7.x86_64 1402351786 85623 installed
DEBUG util.py:537:  gpg-pubkey-f4a80eb5-53a7ff4b 1403518795 0 installed
DEBUG util.py:537:  perl-Env-1.04-2.el7.noarch 1402391860 27573 installed
DEBUG util.py:537:  libgcc-4.8.5-44.el7.x86_64 1601433759 179272 installed
DEBUG util.py:537:  perl-File-CheckTree-4.42-3.el7.noarch 1402380727 29582 installed
DEBUG util.py:537:  setup-2.8.71-11.el7.noarch 1585715374 697141 installed
DEBUG util.py:537:  libselinux-devel-2.5-15.el7.x86_64 1585711002 194101 installed
DEBUG util.py:537:  python-srpm-macros-3-34.el7.noarch 1602605024 3838 installed
DEBUG util.py:537:  perl-autodie-2.16-2.el7.noarch 1402392177 175601 installed
DEBUG util.py:537:  basesystem-10.0-7.el7.centos.noarch 1403865430 0 installed
DEBUG util.py:537:  perl-Locale-Codes-3.26-2.el7.noarch 1402383332 2178322 installed
DEBUG util.py:537:  perl-srpm-macros-1-8.el7.noarch 1402343091 794 installed
DEBUG util.py:537:  krb5-devel-1.15.1-55.el7_9.x86_64 1669835018 796303 installed
DEBUG util.py:537:  tzdata-2024a-1.el7.noarch 1707923061 1915955 installed
DEBUG util.py:537:  perl-core-0:5.16.3-299.el7_9.x86_64 1612283772 0 installed
DEBUG util.py:537:  glibc-common-2.17-326.el7_9.3.x86_64 1717513546 226621529 installed
DEBUG util.py:537:  pcre2-devel-10.23-2.el7.x86_64 1501710266 1762782 installed
DEBUG util.py:537:  nspr-4.35.0-1.el7_9.x86_64 1697122792 291688 installed
DEBUG util.py:537:  libstdc++-4.8.5-44.el7.x86_64 1601433759 1081666 installed
DEBUG util.py:537:  bash-4.2.46-35.el7_9.x86_64 1637771749 3667724 installed
DEBUG util.py:537:  pcre-8.32-17.el7.x86_64 1501643292 1475532 installed
DEBUG util.py:537:  zlib-1.2.7-21.el7_9.x86_64 1678200548 185206 installed
DEBUG util.py:537:  bzip2-libs-1.0.6-13.el7.x86_64 1447995892 70093 installed
DEBUG util.py:537:  elfutils-libelf-0.176-5.el7.x86_64 1601569823 916150 installed
DEBUG util.py:537:  sed-4.2.2-7.el7.x86_64 1601487357 601267 installed
DEBUG util.py:537:  popt-1.13-16.el7.x86_64 1402373003 88516 installed
DEBUG util.py:537:  libacl-2.2.51-15.el7.x86_64 1585707377 37064 installed
DEBUG util.py:537:  readline-6.2-11.el7.x86_64 1565266059 460424 installed
DEBUG util.py:537:  libgcrypt-1.5.3-14.el7.x86_64 1501689307 597727 installed
DEBUG util.py:537:  chkconfig-1.7.6-1.el7.x86_64 1602604010 779655 installed
DEBUG util.py:537:  grep-2.20-3.el7.x86_64 1501743524 1195131 installed
DEBUG util.py:537:  libuuid-2.23.2-65.el7_9.1.x86_64 1612283515 20278 installed
DEBUG util.py:537:  libmpc-1.0.1-3.el7.x86_64 1402343098 113833 installed
DEBUG util.py:537:  gawk-4.0.2-4.el7_3.1.x86_64 1498686770 2435978 installed
DEBUG util.py:537:  diffutils-3.3-6.el7_9.x86_64 1678200523 1065295 installed
DEBUG util.py:537:  file-libs-5.11-37.el7.x86_64 1601482103 3076741 installed
DEBUG util.py:537:  libcap-ng-0.7.5-4.el7.x86_64 1448001510 50510 installed
DEBUG util.py:537:  p11-kit-0.23.5-3.el7.x86_64 1501889820 1337825 installed
DEBUG util.py:537:  nss-softokn-3.90.0-6.el7_9.x86_64 1697634121 1490440 installed
DEBUG util.py:537:  gdbm-1.10-8.el7.x86_64 1402349948 184322 installed
DEBUG util.py:537:  file-5.11-37.el7.x86_64 1601482103 67368 installed
DEBUG util.py:537:  pinentry-0.8.1-17.el7.x86_64 1478360967 159929 installed
DEBUG util.py:537:  acl-2.2.51-15.el7.x86_64 1585707377 201209 installed
DEBUG util.py:537:  groff-base-1.22.2-8.el7.x86_64 1402345046 3453946 installed
DEBUG util.py:537:  perl-HTTP-Tiny-0.033-3.el7.noarch 1402347217 97210 installed
DEBUG util.py:537:  perl-Pod-Perldoc-3.20-4.el7.noarch 1402388270 166910 installed
DEBUG util.py:537:  perl-Text-ParseWords-3.29-4.el7.noarch 1402348486 16431 installed
DEBUG util.py:537:  perl-Pod-Usage-1.63-3.el7.noarch 1402390579 44671 installed
DEBUG util.py:537:  perl-threads-1.87-4.el7.x86_64 1402377734 98615 installed
DEBUG util.py:537:  perl-Carp-1.26-244.el7.noarch 1402362759 28276 installed
DEBUG util.py:537:  perl-Exporter-5.68-3.el7.noarch 1402373350 56612 installed
DEBUG util.py:537:  perl-Socket-2.010-5.el7.x86_64 1585713790 114497 installed
DEBUG util.py:537:  perl-Time-Local-1.2300-2.el7.noarch 1402342290 44062 installed
DEBUG util.py:537:  perl-File-Temp-0.23.01-3.el7.noarch 1402383789 158781 installed
DEBUG util.py:537:  perl-threads-shared-1.43-6.el7.x86_64 1402380447 73972 installed
DEBUG util.py:537:  perl-libs-4:5.16.3-299.el7_9.x86_64 1612283772 1647320 installed
DEBUG util.py:537:  perl-Getopt-Long-2.40-3.el7.noarch 1523406856 134846 installed
DEBUG util.py:537:  perl-Thread-Queue-3.02-2.el7.noarch 1402347633 27642 installed
DEBUG util.py:537:  dwz-0.11-3.el7.x86_64 1402363547 225103 installed
DEBUG util.py:537:  libxml2-2.9.1-6.el7_9.6.x86_64 1634832935 1706142 installed
DEBUG util.py:537:  unzip-6.0-24.el7_9.x86_64 1642092746 378162 installed
DEBUG util.py:537:  libidn-1.28-4.el7.x86_64 1448125248 630407 installed
DEBUG util.py:537:  glibc-headers-2.17-326.el7_9.3.x86_64 1717513546 2342563 installed
DEBUG util.py:537:  ncurses-5.9-14.20130511.el7_4.x86_64 1504735709 439378 installed
DEBUG util.py:537:  pth-2.0.7-23.el7.x86_64 1448007112 267851 installed
DEBUG util.py:537:  ustr-1.0.4-16.el7.x86_64 1402344766 285943 installed
DEBUG util.py:537:  libverto-0.2.5-4.el7.x86_64 1402386261 23060 installed
DEBUG util.py:537:  p11-kit-trust-0.23.5-3.el7.x86_64 1501889820 437261 installed
DEBUG util.py:537:  hardlink-1:1.0-19.el7.x86_64 1402381564 16545 installed
DEBUG util.py:537:  keyutils-libs-1.5.8-3.el7.x86_64 1402366675 42138 installed
DEBUG util.py:537:  coreutils-8.22-24.el7_9.2.x86_64 1605565499 14594210 installed
DEBUG util.py:537:  libblkid-2.23.2-65.el7_9.1.x86_64 1612283515 265925 installed
DEBUG util.py:537:  cracklib-2.9.0-11.el7.x86_64 1402378933 209610 installed
DEBUG util.py:537:  glib2-2.56.1-9.el7_9.x86_64 1623255133 12174105 installed
DEBUG util.py:537:  binutils-2.27-44.base.el7_9.1.x86_64 1635781157 25181976 installed
DEBUG util.py:537:  pkgconfig-1:0.27.1-4.el7.x86_64 1402351548 105522 installed
DEBUG util.py:537:  pam-1.1.8-23.el7.x86_64 1585713659 2632373 installed
DEBUG util.py:537:  libutempter-1.1.6-4.el7.x86_64 1402365826 49749 installed
DEBUG util.py:537:  cyrus-sasl-lib-2.1.26-24.el7_9.x86_64 1645709263 396919 installed
DEBUG util.py:537:  nss-3.90.0-2.el7_9.x86_64 1697721469 2602849 installed
DEBUG util.py:537:  nss-tools-3.90.0-2.el7_9.x86_64 1697721469 2298363 installed
DEBUG util.py:537:  gdb-7.6.1-120.el7.x86_64 1601482700 7375630 installed
DEBUG util.py:537:  libcurl-7.29.0-59.el7_9.2.x86_64 1702484661 439304 installed
DEBUG util.py:537:  rpm-libs-4.11.3-48.el7_9.x86_64 1637771619 615464 installed
DEBUG util.py:537:  openldap-2.4.44-25.el7_9.x86_64 1645636356 1037056 installed
DEBUG util.py:537:  gnupg2-2.0.22-5.el7_5.x86_64 1531487214 6637796 installed
DEBUG util.py:537:  perl-generators-epel-1-1.el7.noarch 1673423452 298 installed
DEBUG util.py:537:  redhat-rpm-config-9.1.0-88.el7.centos.noarch 1565130322 174572 installed
DEBUG util.py:537:  util-linux-2.23.2-65.el7_9.1.x86_64 1612283515 8482896 installed
DEBUG util.py:537:  device-mapper-7:1.02.170-6.el7_9.5.x86_64 1619616727 342456 installed
DEBUG util.py:537:  device-mapper-libs-7:1.02.170-6.el7_9.5.x86_64 1619616727 404687 installed
DEBUG util.py:537:  dracut-033-572.el7.x86_64 1601481479 905396 installed
DEBUG util.py:537:  elfutils-libs-0.176-5.el7.x86_64 1601569823 808799 installed
DEBUG util.py:537:  dbus-libs-1:1.10.24-15.el7.x86_64 1601481306 362600 installed
DEBUG util.py:537:  dbus-1:1.10.24-15.el7.x86_64 1601481306 594463 installed
DEBUG util.py:537:  elfutils-0.176-5.el7.x86_64 1601569823 835489 installed
DEBUG util.py:537:  epel-rpm-macros-7-38.noarch 1698838918 30959 installed
DEBUG util.py:537:  gcc-c++-4.8.5-44.el7.x86_64 1601433759 17273811 installed
DEBUG util.py:537:  which-2.20-7.el7.x86_64 1402367122 76962 installed
DEBUG util.py:537:  perl-Data-Dumper-2.145-3.el7.x86_64 1402342616 99287 installed
DEBUG util.py:537:  perl-Test-Harness-3.28-3.el7.noarch 1439389340 607239 installed
DEBUG util.py:537:  perl-Module-CoreList-1:2.76.02-299.el7_9.noarch 1612284229 406282 installed
DEBUG util.py:537:  perl-Module-Pluggable-1:4.8-3.el7.noarch 1402350269 55121 installed
DEBUG util.py:537:  perl-Perl-OSType-1.003-3.el7.noarch 1402382819 30550 installed
DEBUG util.py:537:  perl-ExtUtils-Manifest-1.61-244.el7.noarch 1402374603 85359 installed
DEBUG util.py:537:  perl-Pod-Parser-1.61-2.el7.noarch 1402373050 277564 installed
DEBUG util.py:537:  perl-CPAN-Meta-Requirements-2.122-7.el7.noarch 1402341401 50942 installed
DEBUG util.py:537:  perl-Parse-CPAN-Meta-1:1.4404-5.el7.noarch 1402363069 13884 installed
DEBUG util.py:537:  perl-Module-Loaded-1:0.08-299.el7_9.noarch 1612284229 5970 installed
DEBUG util.py:537:  pcre2-10.23-2.el7.x86_64 1501710266 569737 installed
DEBUG util.py:537:  perl-Compress-Raw-Bzip2-2.061-3.el7.x86_64 1402343507 57986 installed
DEBUG util.py:537:  perl-IO-Zlib-1:1.10-299.el7_9.noarch 1612284229 19723 installed
DEBUG util.py:537:  perl-Locale-Maketext-Simple-1:0.21-299.el7_9.noarch 1612284229 13930 installed
DEBUG util.py:537:  perl-Module-Load-Conditional-0.54-3.el7.noarch 1447970231 29261 installed
DEBUG util.py:537:  perl-Object-Accessor-1:0.42-299.el7_9.noarch 1612284229 29614 installed
DEBUG util.py:537:  perl-Term-UI-0.36-2.el7.noarch 1402373837 34700 installed
DEBUG util.py:537:  pyparsing-1.5.6-9.el7.noarch 1402352147 375948 installed
DEBUG util.py:537:  perl-Pod-Checker-1.60-2.el7.noarch 1402345719 60416 installed
DEBUG util.py:537:  perl-Digest-MD5-2.52-3.el7.x86_64 1402375546 55715 installed
DEBUG util.py:537:  perl-Test-Simple-0.98-243.el7.noarch 1402359213 397284 installed
DEBUG util.py:537:  libkadm5-1.15.1-55.el7_9.x86_64 1669835018 220984 installed
DEBUG util.py:537:  zlib-devel-1.2.7-21.el7_9.x86_64 1678200548 135536 installed
DEBUG util.py:537:  perl-PlRPC-0.2020-14.el7.noarch 1402366919 70468 installed
DEBUG util.py:537:  perl-DBIx-Simple-1.35-7.el7.noarch 1402379380 74520 installed
DEBUG util.py:537:  perl-local-lib-1.008010-4.el7.noarch 1501962390 105916 installed
DEBUG util.py:537:  libcom_err-devel-1.42.9-19.el7.x86_64 1601481804 17196 installed
DEBUG util.py:537:  perl-Text-Soundex-3.04-4.el7.x86_64 1402353181 29915 installed
DEBUG util.py:537:  libzstd-1.5.5-1.el7.x86_64 1680698626 793312 installed
DEBUG util.py:537:  pcre-devel-8.32-17.el7.x86_64 1501643292 1505771 installed
DEBUG util.py:537:  perl-ExtUtils-MakeMaker-6.68-3.el7.noarch 1402365525 650532 installed
DEBUG util.py:537:  perl-devel-4:5.16.3-299.el7_9.x86_64 1612283772 1930610 installed
DEBUG util.py:537:  perl-IPC-Cmd-1:0.80-4.el7.noarch 1402363275 79537 installed
DEBUG util.py:537:  perl-Module-Build-2:0.40.05-2.el7.noarch 1402373111 696256 installed
DEBUG util.py:537:  perl-Archive-Extract-1:0.68-3.el7.noarch 1402363503 72087 installed
DEBUG util.py:537:  perl-CPANPLUS-Dist-Build-0.70-3.el7.noarch 1402353124 64006 installed
DEBUG util.py:537:  perl-CPAN-0:1.9800-299.el7_9.noarch 1612284229 762393 installed
DEBUG util.py:537:  perl-DB_File-1.830-6.el7.x86_64 1425618022 178240 installed
DEBUG util.py:688:  Child return code was: 0
DEBUG util.py:200:  kill orphans in chroot /var/lib/mock/centos+epel-7-x86_64/root
DEBUG util.py:200:  kill orphans in chroot /var/lib/mock/centos+epel-7-x86_64-bootstrap/root/var/lib/mock/centos+epel-7-x86_64/root
DEBUG util.py:717:  child environment: None
DEBUG util.py:636:  Executing command: ['/bin/umount', '-n', '-l', '/var/lib/mock/centos+epel-7-x86_64-bootstrap/root/var/lib/mock/centos+epel-7-x86_64/root'] with env {'TERM': 'vt100', 'SHELL': '/bin/sh', 'HOME': '/builddir', 'HOSTNAME': 'mock', 'PATH': '/usr/bin:/bin:/usr/sbin:/sbin', 'LANG': 'C.UTF-8'} and shell False
DEBUG util.py:688:  Child return code was: 0
DEBUG util.py:717:  child environment: None
DEBUG util.py:636:  Executing command: ['/bin/umount', '-n', '-l', '/var/lib/mock/centos+epel-7-x86_64-bootstrap/root/var/lib/mock/centos+epel-7-x86_64/root'] with env {'TERM': 'vt100', 'SHELL': '/bin/sh', 'HOME': '/builddir', 'HOSTNAME': 'mock', 'PATH': '/usr/bin:/bin:/usr/sbin:/sbin', 'LANG': 'C.UTF-8'} and shell False
DEBUG util.py:688:  Child return code was: 0
DEBUG util.py:717:  child environment: None
DEBUG backend.py:763:  Copying packages to result dir
DEBUG util.py:200:  kill orphans in chroot /var/lib/mock/centos+epel-7-x86_64/root
DEBUG util.py:717:  child environment: None
DEBUG util.py:636:  Executing command: ['/bin/umount', '-n', '/var/lib/mock/centos+epel-7-x86_64/root/root/mock-localrepo'] with env {'TERM': 'vt100', 'SHELL': '/bin/sh', 'HOME': '/builddir', 'HOSTNAME': 'mock', 'PATH': '/usr/bin:/bin:/usr/sbin:/sbin', 'LANG': 'C.UTF-8'} and shell False
DEBUG util.py:688:  Child return code was: 0
DEBUG util.py:717:  child environment: None
DEBUG util.py:636:  Executing command: ['/bin/umount', '-n', '/var/lib/mock/centos+epel-7-x86_64/root/var/cache/dnf'] with env {'TERM': 'vt100', 'SHELL': '/bin/sh', 'HOME': '/builddir', 'HOSTNAME': 'mock', 'PATH': '/usr/bin:/bin:/usr/sbin:/sbin', 'LANG': 'C.UTF-8'} and shell False
DEBUG util.py:688:  Child return code was: 0
DEBUG util.py:717:  child environment: None
DEBUG util.py:636:  Executing command: ['/bin/umount', '-n', '/var/lib/mock/centos+epel-7-x86_64/root/var/cache/yum'] with env {'TERM': 'vt100', 'SHELL': '/bin/sh', 'HOME': '/builddir', 'HOSTNAME': 'mock', 'PATH': '/usr/bin:/bin:/usr/sbin:/sbin', 'LANG': 'C.UTF-8'} and shell False
DEBUG util.py:688:  Child return code was: 0
DEBUG util.py:200:  kill orphans in chroot /var/lib/mock/centos+epel-7-x86_64-bootstrap/root
DEBUG util.py:717:  child environment: None
DEBUG util.py:636:  Executing command: ['/bin/umount', '-n', '/var/lib/mock/centos+epel-7-x86_64-bootstrap/root/root/mock-localrepo'] with env {'TERM': 'vt100', 'SHELL': '/bin/sh', 'HOME': '/builddir', 'HOSTNAME': 'mock', 'PATH': '/usr/bin:/bin:/usr/sbin:/sbin', 'LANG': 'C.UTF-8'} and shell False
DEBUG util.py:688:  Child return code was: 0
DEBUG util.py:717:  child environment: None
DEBUG util.py:636:  Executing command: ['/bin/umount', '-n', '/var/lib/mock/centos+epel-7-x86_64-bootstrap/root/var/cache/dnf'] with env {'TERM': 'vt100', 'SHELL': '/bin/sh', 'HOME': '/builddir', 'HOSTNAME': 'mock', 'PATH': '/usr/bin:/bin:/usr/sbin:/sbin', 'LANG': 'C.UTF-8'} and shell False
DEBUG util.py:688:  Child return code was: 0
DEBUG util.py:717:  child environment: None
DEBUG util.py:636:  Executing command: ['/bin/umount', '-n', '/var/lib/mock/centos+epel-7-x86_64-bootstrap/root/var/cache/yum'] with env {'TERM': 'vt100', 'SHELL': '/bin/sh', 'HOME': '/builddir', 'HOSTNAME': 'mock', 'PATH': '/usr/bin:/bin:/usr/sbin:/sbin', 'LANG': 'C.UTF-8'} and shell False
DEBUG util.py:688:  Child return code was: 0
